name,mult,charge,chi,orig_name,orig_chi,orig_smi
N2,1,0,AMChI=1/N2/c1-2,N2,InChI=1S/N2/c1-2,N#N
Ar,1,0,AMChI=1/Ar,Ar,InChI=1S/Ar,[Ar]
He,1,0,AMChI=1/He,He,InChI=1S/He,[He]
Ne,1,0,AMChI=1/Ne,Ne,InChI=1S/Ne,[Ne]
C5H7O(1)rs,2,0,"AMChI=1/C5H7O/c1-4-2-3-5(1)6-4/h1,4-5H,2-3H2/t4-,5+",C5H7O(1),"InChI=1S/C5H7O/c1-2-5-3-4(1)6-5/h3-5H,1-2H2",O1C2CCC1[CH]2
C5H7O(2)rs0,2,0,"AMChI=1/C5H7O/c1-2-5-3-4(1)6-5/h1,4-5H,2-3H2/t4-,5+/m0/s1",C5H7O(2),"InChI=1S/C5H7O/c1-2-5-3-4(1)6-5/h1,4-5H,2-3H2",O1C2CC1[CH]C2
C5H7O(2)rs1,2,0,"AMChI=1/C5H7O/c1-2-5-3-4(1)6-5/h1,4-5H,2-3H2/t4-,5+/m1/s1",C5H7O(2),"InChI=1S/C5H7O/c1-2-5-3-4(1)6-5/h1,4-5H,2-3H2",O1C2CC1[CH]C2
C5H7O(3)r0,2,0,"AMChI=1/C5H7O/c1-2-5-3-4(1)6-5/h5H,1-3H2/t5-/m0/s1",C5H7O(3),"InChI=1S/C5H7O/c1-2-5-3-4(1)6-5/h4H,1-3H2",O1C2CC[C]1C2
C5H7O(3)r1,2,0,"AMChI=1/C5H7O/c1-2-5-3-4(1)6-5/h5H,1-3H2/t5-/m1/s1",C5H7O(3),"InChI=1S/C5H7O/c1-2-5-3-4(1)6-5/h4H,1-3H2",O1C2CC[C]1C2
O2(4),3,0,AMChI=1/O2/c1-2,O2(4),InChI=1S/O2/c1-2,O=O
C5H7O(14),2,0,"AMChI=1/C5H7O/c6-5-3-1-2-4-5/h1H,2-4H2",C5H7O(14),"InChI=1S/C5H7O/c6-5-3-1-2-4-5/h1H,2-4H2",O=C1CC[CH]C1
C5H7O(5)r0,2,0,"AMChI=1/C5H7O/c6-5-2-1-3-4-5/h1-2,5H,3-4H2/t5-/m0/s1",C5H7O(5),"InChI=1S/C5H7O/c6-5-3-1-2-4-5/h1,3,5H,2,4H2",[O]C1CCC=C1
C5H7O(5)r1,2,0,"AMChI=1/C5H7O/c6-5-2-1-3-4-5/h1-2,5H,3-4H2/t5-/m1/s1",C5H7O(5),"InChI=1S/C5H7O/c6-5-3-1-2-4-5/h1,3,5H,2,4H2",[O]C1CCC=C1
C5H7O(15),2,0,"AMChI=1/C5H7O/c1-5-4-3-2-6-5/h2H,1,3-4H2",C5H7O(15),"InChI=1S/C5H7O/c1-5-3-2-4-6-5/h4H,1-3H2",C=C1O[CH]CC1
C5H7O(9),2,0,"AMChI=1/C5H7O/c6-5-3-1-2-4-5/h1-2,5H,3-4H2",C5H7O(9),"InChI=1S/C5H7O/c6-5-3-1-2-4-5/h1-2,5H,3-4H2",[O]C1CC=CC1
C5H7O(11)r0,2,0,"AMChI=1/C5H7O/c1-5-4-2-3-6-5/h2-3,5H,1,4H2/t5-/m0/s1",C5H7O(11),"InChI=1S/C5H7O/c1-5-3-2-4-6-5/h2,4-5H,1,3H2",[CH2]C1OC=CC1
C5H7O(11)r1,2,0,"AMChI=1/C5H7O/c1-5-4-2-3-6-5/h2-3,5H,1,4H2/t5-/m1/s1",C5H7O(11),"InChI=1S/C5H7O/c1-5-3-2-4-6-5/h2,4-5H,1,3H2",[CH2]C1OC=CC1
C5H7O(10)r0,2,0,"AMChI=1/C5H7O/c1-2-5-4-3-6-5/h2-3,5H,1,4H2/t5-/m0/s1",C5H7O(10),"InChI=1S/C5H7O/c1-2-5-3-4-6-5/h2,4-5H,1,3H2",C=CC1O[CH]C1
C5H7O(10)r1,2,0,"AMChI=1/C5H7O/c1-2-5-4-3-6-5/h2-3,5H,1,4H2/t5-/m1/s1",C5H7O(10),"InChI=1S/C5H7O/c1-2-5-3-4-6-5/h2,4-5H,1,3H2",C=CC1O[CH]C1
C5H7O(6)r0,2,0,"AMChI=1/C5H7O/c1-4-5-2-3-6-5/h2-3,5H,1,4H2/t5-/m0/s1",C5H7O(6),"InChI=1S/C5H7O/c1-2-5-3-4-6-5/h3-5H,1-2H2",[CH2]CC1OC=C1
C5H7O(6)r1,2,0,"AMChI=1/C5H7O/c1-4-5-2-3-6-5/h2-3,5H,1,4H2/t5-/m1/s1",C5H7O(6),"InChI=1S/C5H7O/c1-2-5-3-4-6-5/h3-5H,1-2H2",[CH2]CC1OC=C1
C5H7O(16)r0,2,0,"AMChI=1/C5H7O/c1-4-3-5(2)6-4/h5H,1-3H2/t5-/m0/s1",C5H7O(16),"InChI=1S/C5H7O/c1-4-3-5(2)6-4/h4H,1-3H2",[CH2]C1OC(C1)=C
C5H7O(16)r1,2,0,"AMChI=1/C5H7O/c1-4-3-5(2)6-4/h5H,1-3H2/t5-/m1/s1",C5H7O(16),"InChI=1S/C5H7O/c1-4-3-5(2)6-4/h4H,1-3H2",[CH2]C1OC(C1)=C
C5H7O3(19)rr0,2,0,"AMChI=1/C5H7O3/c6-8-5-2-1-4(7-5)3-5/h4H,1-3H2/t4-,5-/m0/s1",C5H7O3(19),"InChI=1S/C5H7O3/c6-8-5-2-1-4(3-5)7-5/h4H,1-3H2",[O]OC12OC(C1)CC2
C5H7O3(19)rs1,2,0,"AMChI=1/C5H7O3/c6-8-5-2-1-4(7-5)3-5/h4H,1-3H2/t4-,5+/m1/s1",C5H7O3(19),"InChI=1S/C5H7O3/c6-8-5-2-1-4(3-5)7-5/h4H,1-3H2",[O]OC12OC(C1)CC2
C5H7O3(19)rr1,2,0,"AMChI=1/C5H7O3/c6-8-5-2-1-4(7-5)3-5/h4H,1-3H2/t4-,5-/m1/s1",C5H7O3(19),"InChI=1S/C5H7O3/c6-8-5-2-1-4(3-5)7-5/h4H,1-3H2",[O]OC12OC(C1)CC2
C5H7O3(18)rrs0,2,0,"AMChI=1/C5H7O3/c6-8-5-2-3-1-4(5)7-3/h3-5H,1-2H2/t3-,4-,5+/m0/s1",C5H7O3(18),"InChI=1S/C5H7O3/c6-8-5-2-3-1-4(5)7-3/h3-5H,1-2H2",[O]OC1C2OC(C2)C1
C5H7O3(18)rsr0,2,0,"AMChI=1/C5H7O3/c6-8-5-2-3-1-4(5)7-3/h3-5H,1-2H2/t3-,4+,5-/m0/s1",C5H7O3(18),"InChI=1S/C5H7O3/c6-8-5-2-3-1-4(5)7-3/h3-5H,1-2H2",[O]OC1C2OC(C2)C1
C5H7O3(18)rss0,2,0,"AMChI=1/C5H7O3/c6-8-5-2-3-1-4(5)7-3/h3-5H,1-2H2/t3-,4+,5+/m0/s1",C5H7O3(18),"InChI=1S/C5H7O3/c6-8-5-2-3-1-4(5)7-3/h3-5H,1-2H2",[O]OC1C2OC(C2)C1
C5H7O3(18)rss1,2,0,"AMChI=1/C5H7O3/c6-8-5-2-3-1-4(5)7-3/h3-5H,1-2H2/t3-,4+,5+/m1/s1",C5H7O3(18),"InChI=1S/C5H7O3/c6-8-5-2-3-1-4(5)7-3/h3-5H,1-2H2",[O]OC1C2OC(C2)C1
C5H7O3(18)rsr1,2,0,"AMChI=1/C5H7O3/c6-8-5-2-3-1-4(5)7-3/h3-5H,1-2H2/t3-,4+,5-/m1/s1",C5H7O3(18),"InChI=1S/C5H7O3/c6-8-5-2-3-1-4(5)7-3/h3-5H,1-2H2",[O]OC1C2OC(C2)C1
C5H7O3(18)rrr1,2,0,"AMChI=1/C5H7O3/c6-8-5-2-3-1-4(5)7-3/h3-5H,1-2H2/t3-,4-,5-/m1/s1",C5H7O3(18),"InChI=1S/C5H7O3/c6-8-5-2-3-1-4(5)7-3/h3-5H,1-2H2",[O]OC1C2OC(C2)C1
C5H7O3(17)rsr,2,0,"AMChI=1/C5H7O3/c6-8-5-3-1-2-4(5)7-3/h3-5H,1-2H2/t3-,4+,5-",C5H7O3(17),"InChI=1S/C5H7O3/c6-8-5-3-1-2-4(5)7-3/h3-5H,1-2H2",[O]OC1C2OC1CC2
C5H7O3(17)rss,2,0,"AMChI=1/C5H7O3/c6-8-5-3-1-2-4(5)7-3/h3-5H,1-2H2/t3-,4+,5+",C5H7O3(17),"InChI=1S/C5H7O3/c6-8-5-3-1-2-4(5)7-3/h3-5H,1-2H2",[O]OC1C2OC1CC2
H(8),2,0,AMChI=1/H,H(8),InChI=1S/H,[H]
C5H6O(13)rs,1,0,"AMChI=1/C5H6O/c1-2-5-3-4(1)6-5/h1-2,4-5H,3H2/t4-,5+",C5H6O(13),"InChI=1S/C5H6O/c1-2-5-3-4(1)6-5/h1-2,4-5H,3H2",O1C2CC1C=C2
C5H7O(25),2,0,"AMChI=1/C5H7O/c6-5-1-2-3-4-5/h1H,2-4H2",C5H7O(25),"InChI=1S/C5H7O/c6-5-3-1-2-4-5/h3H,1-2,4H2",O=C1CCC[CH]1
C5H7O3(26)r0,2,0,"AMChI=1/C5H7O3/c6-4-1-2-5(3-4)8-7/h5H,1-3H2/t5-/m0/s1",C5H7O3(26),"InChI=1S/C5H7O3/c6-4-1-2-5(3-4)8-7/h5H,1-3H2",O=C1CC(O[O])CC1
C5H7O3(26)r1,2,0,"AMChI=1/C5H7O3/c6-4-1-2-5(3-4)8-7/h5H,1-3H2/t5-/m1/s1",C5H7O3(26),"InChI=1S/C5H7O3/c6-4-1-2-5(3-4)8-7/h5H,1-3H2",O=C1CC(O[O])CC1
C5H7O(27)rs0,2,0,"AMChI=1/C5H7O/c1-2-3-5-4(1)6-5/h1,4-5H,2-3H2/t4-,5+/m0/s1",C5H7O(27),"InChI=1S/C5H7O/c1-2-4-5(3-1)6-4/h2,4-5H,1,3H2",O1C2C1[CH]CC2
C5H7O(27)rs1,2,0,"AMChI=1/C5H7O/c1-2-3-5-4(1)6-5/h1,4-5H,2-3H2/t4-,5+/m1/s1",C5H7O(27),"InChI=1S/C5H7O/c1-2-4-5(3-1)6-4/h2,4-5H,1,3H2",O1C2C1[CH]CC2
C5H7O3(43)r0,2,0,"AMChI=1/C5H7O3/c1-4-2-3-5(7-4)8-6/h5H,1-3H2/t5-/m0/s1",C5H7O3(43),"InChI=1S/C5H7O3/c1-4-2-3-5(7-4)8-6/h5H,1-3H2",[O]OC1OC(CC1)=C
C5H7O3(43)r1,2,0,"AMChI=1/C5H7O3/c1-4-2-3-5(7-4)8-6/h5H,1-3H2/t5-/m1/s1",C5H7O3(43),"InChI=1S/C5H7O3/c1-4-2-3-5(7-4)8-6/h5H,1-3H2",[O]OC1OC(CC1)=C
C5H7O(52)r0,2,0,"AMChI=1/C5H7O/c1-5-3-2-4-6-5/h2-5H,1H3/t5-/m0/s1",C5H7O(52),"InChI=1S/C5H7O/c1-5-3-2-4-6-5/h2-5H,1H3",CC1O[CH]C=C1
C5H7O(52)r1,2,0,"AMChI=1/C5H7O/c1-5-3-2-4-6-5/h2-5H,1H3/t5-/m1/s1",C5H7O(52),"InChI=1S/C5H7O/c1-5-3-2-4-6-5/h2-5H,1H3",CC1O[CH]C=C1
C5H7O3(55)r0,2,0,"AMChI=1/C5H7O3/c6-8-4-5-3-1-2-7-5/h1-2,5H,3-4H2/t5-/m0/s1",C5H7O3(55),"InChI=1S/C5H7O3/c6-8-4-5-2-1-3-7-5/h1,3,5H,2,4H2",[O]OCC1OC=CC1
C5H7O3(55)r1,2,0,"AMChI=1/C5H7O3/c6-8-4-5-3-1-2-7-5/h1-2,5H,3-4H2/t5-/m1/s1",C5H7O3(55),"InChI=1S/C5H7O3/c6-8-4-5-2-1-3-7-5/h1,3,5H,2,4H2",[O]OCC1OC=CC1
C5H7O3(62)rr0,2,0,"AMChI=1/C5H7O3/c1-2-4-3-5(7-4)8-6/h2,4-5H,1,3H2/t4-,5-/m0/s1",C5H7O3(62),"InChI=1S/C5H7O3/c1-2-4-3-5(7-4)8-6/h2,4-5H,1,3H2",[O]OC1OC(C1)C=C
C5H7O3(62)rs0,2,0,"AMChI=1/C5H7O3/c1-2-4-3-5(7-4)8-6/h2,4-5H,1,3H2/t4-,5+/m0/s1",C5H7O3(62),"InChI=1S/C5H7O3/c1-2-4-3-5(7-4)8-6/h2,4-5H,1,3H2",[O]OC1OC(C1)C=C
C5H7O3(62)rs1,2,0,"AMChI=1/C5H7O3/c1-2-4-3-5(7-4)8-6/h2,4-5H,1,3H2/t4-,5+/m1/s1",C5H7O3(62),"InChI=1S/C5H7O3/c1-2-4-3-5(7-4)8-6/h2,4-5H,1,3H2",[O]OC1OC(C1)C=C
C5H7O3(62)rr1,2,0,"AMChI=1/C5H7O3/c1-2-4-3-5(7-4)8-6/h2,4-5H,1,3H2/t4-,5-/m1/s1",C5H7O3(62),"InChI=1S/C5H7O3/c1-2-4-3-5(7-4)8-6/h2,4-5H,1,3H2",[O]OC1OC(C1)C=C
C5H7O(33)r0,2,0,"AMChI=1/C5H7O/c6-5-3-1-2-4-5/h1-3,5-6H,4H2/t5-/m0/s1",C5H7O(33),"InChI=1S/C5H7O/c6-5-3-1-2-4-5/h1-3,5-6H,4H2",OC1CC=C[CH]1
C5H7O(33)r1,2,0,"AMChI=1/C5H7O/c6-5-3-1-2-4-5/h1-3,5-6H,4H2/t5-/m1/s1",C5H7O(33),"InChI=1S/C5H7O/c6-5-3-1-2-4-5/h1-3,5-6H,4H2",OC1CC=C[CH]1
C5H7O(63)rr0,2,0,"AMChI=1/C5H7O/c1-4-2-3-5(4)6-1/h1,4-5H,2-3H2/t4-,5-/m0/s1",C5H7O(63),"InChI=1S/C5H7O/c1-2-5-4(1)3-6-5/h3-5H,1-2H2",O1C2C(CC2)[CH]1
C5H7O(63)rs1,2,0,"AMChI=1/C5H7O/c1-4-2-3-5(4)6-1/h1,4-5H,2-3H2/t4-,5+/m1/s1",C5H7O(63),"InChI=1S/C5H7O/c1-2-5-4(1)3-6-5/h3-5H,1-2H2",O1C2C(CC2)[CH]1
C5H7O(63)rr1,2,0,"AMChI=1/C5H7O/c1-4-2-3-5(4)6-1/h1,4-5H,2-3H2/t4-,5-/m1/s1",C5H7O(63),"InChI=1S/C5H7O/c1-2-5-4(1)3-6-5/h3-5H,1-2H2",O1C2C(CC2)[CH]1
C5H7O3(76)r0,2,0,"AMChI=1/C5H7O3/c1-4-2-5(8-4)3-7-6/h5H,1-3H2/t5-/m0/s1",C5H7O3(76),"InChI=1S/C5H7O3/c1-4-2-5(8-4)3-7-6/h5H,1-3H2",[O]OCC1OC(C1)=C
C5H7O3(76)r1,2,0,"AMChI=1/C5H7O3/c1-4-2-5(8-4)3-7-6/h5H,1-3H2/t5-/m1/s1",C5H7O3(76),"InChI=1S/C5H7O3/c1-4-2-5(8-4)3-7-6/h5H,1-3H2",[O]OCC1OC(C1)=C
C5H7O(41),2,0,"AMChI=1/C5H7O/c1-5-2-3-4-6-5/h2H,1,3-4H2",C5H7O(41),"InChI=1S/C5H7O/c1-5-3-2-4-6-5/h3H,1-2,4H2",[CH2]C=1OCCC=1
C5H7O(48),2,0,"AMChI=1/C5H7O/c1-4-2-5(6-1)3-4/h1,4-5H,2-3H2",C5H7O(48),"InChI=1S/C5H7O/c1-4-2-5(1)6-3-4/h3-5H,1-2H2",O1C2CC(C2)[CH]1
C5H7O3(87)rr0,2,0,"AMChI=1/C5H7O3/c6-8-5-2-3-1-4(5)7-3/h4-6H,1-2H2/t4-,5-/m0/s1",C5H7O3(87),"InChI=1S/C5H7O3/c6-8-5-2-3-1-4(5)7-3/h4-6H,1-2H2",OOC1C2O[C](C2)C1
C5H7O3(87)rs0,2,0,"AMChI=1/C5H7O3/c6-8-5-2-3-1-4(5)7-3/h4-6H,1-2H2/t4-,5+/m0/s1",C5H7O3(87),"InChI=1S/C5H7O3/c6-8-5-2-3-1-4(5)7-3/h4-6H,1-2H2",OOC1C2O[C](C2)C1
C5H7O3(87)rs1,2,0,"AMChI=1/C5H7O3/c6-8-5-2-3-1-4(5)7-3/h4-6H,1-2H2/t4-,5+/m1/s1",C5H7O3(87),"InChI=1S/C5H7O3/c6-8-5-2-3-1-4(5)7-3/h4-6H,1-2H2",OOC1C2O[C](C2)C1
C5H7O3(87)rr1,2,0,"AMChI=1/C5H7O3/c6-8-5-2-3-1-4(5)7-3/h4-6H,1-2H2/t4-,5-/m1/s1",C5H7O3(87),"InChI=1S/C5H7O3/c6-8-5-2-3-1-4(5)7-3/h4-6H,1-2H2",OOC1C2O[C](C2)C1
C5H7O(51),2,0,"AMChI=1/C5H7O/c1-5-4-2-3-6-5/h2-3H,4H2,1H3",C5H7O(51),"InChI=1S/C5H7O/c1-5-3-2-4-6-5/h2,4H,3H2,1H3",C[C]1OC=CC1
C5H7O3(89)rr0,2,0,"AMChI=1/C5H7O3/c6-8-5-3-1-2-4(5)7-3/h4-6H,1-2H2/t4-,5-/m0/s1",C5H7O3(89),"InChI=1S/C5H7O3/c6-8-5-3-1-2-4(5)7-3/h3,5-6H,1-2H2",OOC1C2O[C]1CC2
C5H7O3(89)rs0,2,0,"AMChI=1/C5H7O3/c6-8-5-3-1-2-4(5)7-3/h4-6H,1-2H2/t4-,5+/m0/s1",C5H7O3(89),"InChI=1S/C5H7O3/c6-8-5-3-1-2-4(5)7-3/h3,5-6H,1-2H2",OOC1C2O[C]1CC2
C5H7O3(89)rs1,2,0,"AMChI=1/C5H7O3/c6-8-5-3-1-2-4(5)7-3/h4-6H,1-2H2/t4-,5+/m1/s1",C5H7O3(89),"InChI=1S/C5H7O3/c6-8-5-3-1-2-4(5)7-3/h3,5-6H,1-2H2",OOC1C2O[C]1CC2
C5H7O3(89)rr1,2,0,"AMChI=1/C5H7O3/c6-8-5-3-1-2-4(5)7-3/h4-6H,1-2H2/t4-,5-/m1/s1",C5H7O3(89),"InChI=1S/C5H7O3/c6-8-5-3-1-2-4(5)7-3/h3,5-6H,1-2H2",OOC1C2O[C]1CC2
C5H7O(31)r0,2,0,"AMChI=1/C5H7O/c6-5-2-1-4-3-5/h1-3,5-6H,4H2/t5-/m0/s1",C5H7O(31),"InChI=1S/C5H7O/c6-5-3-1-2-4-5/h1,3-6H,2H2",OC1[CH]CC=C1
C5H7O(31)r1,2,0,"AMChI=1/C5H7O/c6-5-2-1-4-3-5/h1-3,5-6H,4H2/t5-/m1/s1",C5H7O(31),"InChI=1S/C5H7O/c6-5-3-1-2-4-5/h1,3-6H,2H2",OC1[CH]CC=C1
C5H7O3(70)r0,2,0,"AMChI=1/C5H7O3/c6-8-4-3-5-1-2-7-5/h1-2,5H,3-4H2/t5-/m0/s1",C5H7O3(70),"InChI=1S/C5H7O3/c6-8-4-2-5-1-3-7-5/h1,3,5H,2,4H2",[O]OCCC1OC=C1
C5H7O3(70)r1,2,0,"AMChI=1/C5H7O3/c6-8-4-3-5-1-2-7-5/h1-2,5H,3-4H2/t5-/m1/s1",C5H7O3(70),"InChI=1S/C5H7O3/c6-8-4-2-5-1-3-7-5/h1,3,5H,2,4H2",[O]OCCC1OC=C1
C5H7O(45),2,0,"AMChI=1/C5H7O/c6-5-3-1-2-4-5/h1-2,6H,3-4H2",C5H7O(45),"InChI=1S/C5H7O/c6-5-3-1-2-4-5/h1-2,6H,3-4H2",O[C]1CC=CC1
C5H7O(38)rs0,2,0,"AMChI=1/C5H7O/c1-5-3-2-4(5)6-5/h4H,1-3H2/t4-,5+/m0/s1",C5H7O(38),"InChI=1S/C5H7O/c1-5-3-2-4(5)6-5/h4H,1-3H2",[CH2]C12OC2CC1
C5H7O(38)rs1,2,0,"AMChI=1/C5H7O/c1-5-3-2-4(5)6-5/h4H,1-3H2/t4-,5+/m1/s1",C5H7O(38),"InChI=1S/C5H7O/c1-5-3-2-4(5)6-5/h4H,1-3H2",[CH2]C12OC2CC1
C5H7O(30),2,0,"AMChI=1/C5H7O/c6-5-2-1-3-4-5/h1-2,6H,3-4H2",C5H7O(30),"InChI=1S/C5H7O/c6-5-3-1-2-4-5/h1,3,6H,2,4H2",O[C]1CCC=C1
C5H7O(59)z,2,0,"AMChI=1/C5H7O/c1-2-5-3-4-6-5/h2H,1,3-4H2/b5-2-",C5H7O(59),"InChI=1S/C5H7O/c1-2-5-3-4-6-5/h2H,1,3-4H2",[CH2]C=C1OCC1
C5H7O(59)e,2,0,"AMChI=1/C5H7O/c1-2-5-3-4-6-5/h2H,1,3-4H2/b5-2+",C5H7O(59),"InChI=1S/C5H7O/c1-2-5-3-4-6-5/h2H,1,3-4H2",[CH2]C=C1OCC1
C5H7O(73),2,0,"AMChI=1/C5H7O/c1-4-3-5(2)6-4/h1,3H2,2H3",C5H7O(73),"InChI=1S/C5H7O/c1-4-3-5(2)6-4/h1,3H2,2H3",C[C]1OC(C1)=C
C5H7O(56)rrs,2,0,"AMChI=1/C5H7O/c1-3-4-2-5(3)6-4/h3-5H,1-2H2/t3-,4-,5+",C5H7O(56),"InChI=1S/C5H7O/c1-3-4-2-5(3)6-4/h3-5H,1-2H2",[CH2]C1C2OC1C2
C5H7O(56)srs,2,0,"AMChI=1/C5H7O/c1-3-4-2-5(3)6-4/h3-5H,1-2H2/t3+,4-,5+",C5H7O(56),"InChI=1S/C5H7O/c1-3-4-2-5(3)6-4/h3-5H,1-2H2",[CH2]C1C2OC1C2
S(102)rsr,1,0,"AMChI=1/C5H8O3/c6-8-5-3-1-2-4(5)7-3/h3-6H,1-2H2/t3-,4+,5-",S(102),"InChI=1S/C5H8O3/c6-8-5-3-1-2-4(5)7-3/h3-6H,1-2H2",OOC1C2OC1CC2
S(102)rss,1,0,"AMChI=1/C5H8O3/c6-8-5-3-1-2-4(5)7-3/h3-6H,1-2H2/t3-,4+,5+",S(102),"InChI=1S/C5H8O3/c6-8-5-3-1-2-4(5)7-3/h3-6H,1-2H2",OOC1C2OC1CC2
S(100)rr0,1,0,"AMChI=1/C5H8O3/c6-8-5-2-1-4(7-5)3-5/h4,6H,1-3H2/t4-,5-/m0/s1",S(100),"InChI=1S/C5H8O3/c6-8-5-2-1-4(3-5)7-5/h4,6H,1-3H2",OOC12OC(C1)CC2
S(100)rs1,1,0,"AMChI=1/C5H8O3/c6-8-5-2-1-4(7-5)3-5/h4,6H,1-3H2/t4-,5+/m1/s1",S(100),"InChI=1S/C5H8O3/c6-8-5-2-1-4(3-5)7-5/h4,6H,1-3H2",OOC12OC(C1)CC2
S(100)rr1,1,0,"AMChI=1/C5H8O3/c6-8-5-2-1-4(7-5)3-5/h4,6H,1-3H2/t4-,5-/m1/s1",S(100),"InChI=1S/C5H8O3/c6-8-5-2-1-4(3-5)7-5/h4,6H,1-3H2",OOC12OC(C1)CC2
C5H8O(99)r0,1,0,"AMChI=1/C5H8O/c1-4-3-5(2)6-4/h5H,1,3H2,2H3/t5-/m0/s1",C5H8O(99),"InChI=1S/C5H8O/c1-4-3-5(2)6-4/h5H,1,3H2,2H3",CC1OC(C1)=C
C5H8O(99)r1,1,0,"AMChI=1/C5H8O/c1-4-3-5(2)6-4/h5H,1,3H2,2H3/t5-/m1/s1",C5H8O(99),"InChI=1S/C5H8O/c1-4-3-5(2)6-4/h5H,1,3H2,2H3",CC1OC(C1)=C
C5H8O(98)r0,1,0,"AMChI=1/C5H8O/c1-4-5-2-3-6-5/h2-3,5H,4H2,1H3/t5-/m0/s1",C5H8O(98),"InChI=1S/C5H8O/c1-2-5-3-4-6-5/h3-5H,2H2,1H3",CCC1OC=C1
C5H8O(98)r1,1,0,"AMChI=1/C5H8O/c1-4-5-2-3-6-5/h2-3,5H,4H2,1H3/t5-/m1/s1",C5H8O(98),"InChI=1S/C5H8O/c1-2-5-3-4-6-5/h3-5H,2H2,1H3",CCC1OC=C1
C5H8O(96)r0,1,0,"AMChI=1/C5H8O/c1-5-4-2-3-6-5/h2-3,5H,4H2,1H3/t5-/m0/s1",C5H8O(96),"InChI=1S/C5H8O/c1-5-3-2-4-6-5/h2,4-5H,3H2,1H3",CC1OC=CC1
C5H8O(96)r1,1,0,"AMChI=1/C5H8O/c1-5-4-2-3-6-5/h2-3,5H,4H2,1H3/t5-/m1/s1",C5H8O(96),"InChI=1S/C5H8O/c1-5-3-2-4-6-5/h2,4-5H,3H2,1H3",CC1OC=CC1
C5H8O(94),1,0,AMChI=1/C5H8O/c1-5-3-2-4-6-5/h1-4H2,C5H8O(94),InChI=1S/C5H8O/c1-5-3-2-4-6-5/h1-4H2,C=C1OCCC1
C5H8O(93)r0,1,0,"AMChI=1/C5H8O/c6-5-2-1-3-4-5/h1-2,5-6H,3-4H2/t5-/m0/s1",C5H8O(93),"InChI=1S/C5H8O/c6-5-3-1-2-4-5/h1,3,5-6H,2,4H2",OC1CCC=C1
C5H8O(93)r1,1,0,"AMChI=1/C5H8O/c6-5-2-1-3-4-5/h1-2,5-6H,3-4H2/t5-/m1/s1",C5H8O(93),"InChI=1S/C5H8O/c6-5-3-1-2-4-5/h1,3,5-6H,2,4H2",OC1CCC=C1
HO2(77),2,0,AMChI=1/HO2/c1-2/h2H,HO2(77),InChI=1S/HO2/c1-2/h1H,O[O]
C5H7O3(84)rr0,2,0,"AMChI=1/C5H7O3/c6-8-5-2-4-1-3(5)7-4/h4-6H,1-2H2/t4-,5-/m0/s1",C5H7O3(84),"InChI=1S/C5H7O3/c6-8-5-2-3-1-4(5)7-3/h3,5-6H,1-2H2",OOC1CC2O[C]1C2
C5H7O3(84)rs0,2,0,"AMChI=1/C5H7O3/c6-8-5-2-4-1-3(5)7-4/h4-6H,1-2H2/t4-,5+/m0/s1",C5H7O3(84),"InChI=1S/C5H7O3/c6-8-5-2-3-1-4(5)7-3/h3,5-6H,1-2H2",OOC1CC2O[C]1C2
C5H7O3(84)rs1,2,0,"AMChI=1/C5H7O3/c6-8-5-2-4-1-3(5)7-4/h4-6H,1-2H2/t4-,5+/m1/s1",C5H7O3(84),"InChI=1S/C5H7O3/c6-8-5-2-3-1-4(5)7-3/h3,5-6H,1-2H2",OOC1CC2O[C]1C2
C5H7O3(84)rr1,2,0,"AMChI=1/C5H7O3/c6-8-5-2-4-1-3(5)7-4/h4-6H,1-2H2/t4-,5-/m1/s1",C5H7O3(84),"InChI=1S/C5H7O3/c6-8-5-2-3-1-4(5)7-3/h3,5-6H,1-2H2",OOC1CC2O[C]1C2
C5H7O(67),2,0,"AMChI=1/C5H7O/c1-4-5-2-3-6-5/h2-3H,4H2,1H3",C5H7O(67),"InChI=1S/C5H7O/c1-2-5-3-4-6-5/h3-4H,2H2,1H3",CCC=1O[CH]C=1
C5H7O(21),2,0,"AMChI=1/C5H7O/c1-3-5-4-2-6/h3H,1,4-5H2",C5H7O(21),"InChI=1S/C5H7O/c1-2-3-4-5-6/h2H,1,3-4H2",O=[C]CCC=C
C5H6O(24),1,0,"AMChI=1/C5H6O/c6-5-2-1-3-4-5/h1-2H,3-4H2",C5H6O(24),"InChI=1S/C5H6O/c6-5-3-1-2-4-5/h1,3H,2,4H2",O=C1CCC=C1
C5H7O(28)z,2,0,"AMChI=1/C5H7O/c1-5-3-2-4-6/h2-4H,1,5H2/b3-2-",C5H7O(28),"InChI=1S/C5H7O/c1-2-3-4-5-6/h3-5H,1-2H2",O=CC=CC[CH2]
C5H7O(28)e,2,0,"AMChI=1/C5H7O/c1-5-3-2-4-6/h2-4H,1,5H2/b3-2+",C5H7O(28),"InChI=1S/C5H7O/c1-2-3-4-5-6/h3-5H,1-2H2",O=CC=CC[CH2]
C5H7O(37),2,0,"AMChI=1/C5H7O/c1-2-4-5-3-6/h3H,1,4-5H2",C5H7O(37),"InChI=1S/C5H7O/c1-2-3-4-5-6/h5H,1,3-4H2",O=CCC[C]=C
S(379)z,2,0,"AMChI=1/C5H7O3/c6-3-1-2-4-5-8-7/h1-3H,4-5H2/b2-1-",S(379),"InChI=1S/C5H7O3/c6-4-2-1-3-5-8-7/h1-2,4H,3,5H2",O=CC=CCCO[O]
S(379)e,2,0,"AMChI=1/C5H7O3/c6-3-1-2-4-5-8-7/h1-3H,4-5H2/b2-1+",S(379),"InChI=1S/C5H7O3/c6-4-2-1-3-5-8-7/h1-2,4H,3,5H2",O=CC=CCCO[O]
C5H7O(374)z,2,0,"AMChI=1/C5H7O/c6-2-1-5-3-4-5/h1-2,5H,3-4H2/b2-1-",C5H7O(374),"InChI=1S/C5H7O/c6-4-3-5-1-2-5/h3-5H,1-2H2",O=C[CH]C1CC1
C5H7O(374)e,2,0,"AMChI=1/C5H7O/c6-2-1-5-3-4-5/h1-2,5H,3-4H2/b2-1+",C5H7O(374),"InChI=1S/C5H7O/c6-4-3-5-1-2-5/h3-5H,1-2H2",O=C[CH]C1CC1
C5H7O(34)r0,2,0,"AMChI=1/C5H7O/c6-5-2-1-3-4-5/h2,5-6H,3-4H2/t5-/m0/s1",C5H7O(34),"InChI=1S/C5H7O/c6-5-3-1-2-4-5/h4-6H,1,3H2",OC1CC[C]=C1
C5H7O(34)r1,2,0,"AMChI=1/C5H7O/c6-5-2-1-3-4-5/h2,5-6H,3-4H2/t5-/m1/s1",C5H7O(34),"InChI=1S/C5H7O/c6-5-3-1-2-4-5/h4-6H,1,3H2",OC1CC[C]=C1
C5H7O(49)z,2,0,"AMChI=1/C5H7O/c1-2-5-3-4-6/h2-4H,1,5H2/b4-3-",C5H7O(49),"InChI=1S/C5H7O/c1-2-3-4-5-6/h2,4-5H,1,3H2",[O]C=CCC=C
C5H7O(49)e,2,0,"AMChI=1/C5H7O/c1-2-5-3-4-6/h2-4H,1,5H2/b4-3+",C5H7O(49),"InChI=1S/C5H7O/c1-2-3-4-5-6/h2,4-5H,1,3H2",[O]C=CCC=C
C5H7O(44)z,2,0,"AMChI=1/C5H7O/c1-2-3-5-4-6/h2-4H,1,5H2/b3-2-",C5H7O(44),"InChI=1S/C5H7O/c1-2-3-4-5-6/h2-3,5H,1,4H2",O=CCC=C[CH2]
C5H7O(44)e,2,0,"AMChI=1/C5H7O/c1-2-3-5-4-6/h2-4H,1,5H2/b3-2+",C5H7O(44),"InChI=1S/C5H7O/c1-2-3-4-5-6/h2-3,5H,1,4H2",O=CCC=C[CH2]
C5H7O(29)z,2,0,"AMChI=1/C5H7O/c1-2-4-5-3-6/h1-3H,4-5H2/b2-1-",C5H7O(29),"InChI=1S/C5H7O/c1-2-3-4-5-6/h1-2,5H,3-4H2",O=CCCC=[CH]
C5H7O(29)e,2,0,"AMChI=1/C5H7O/c1-2-4-5-3-6/h1-3H,4-5H2/b2-1+",C5H7O(29),"InChI=1S/C5H7O/c1-2-3-4-5-6/h1-2,5H,3-4H2",O=CCCC=[CH]
C5H7O(50)z,2,0,"AMChI=1/C5H7O/c1-3-5-6-4-2/h3-5H,1-2H2/b5-3-",C5H7O(50),"InChI=1S/C5H7O/c1-3-5-6-4-2/h3-5H,1-2H2",C=C[CH]OC=C
C5H7O(50)e,2,0,"AMChI=1/C5H7O/c1-3-5-6-4-2/h3-5H,1-2H2/b5-3+",C5H7O(50),"InChI=1S/C5H7O/c1-3-5-6-4-2/h3-5H,1-2H2",C=C[CH]OC=C
S(427)r0,2,0,"AMChI=1/C5H7O3/c1-2-4-5(3-6)8-7/h2-3,5H,1,4H2/t5-/m0/s1",S(427),"InChI=1S/C5H7O3/c1-2-3-5(4-6)8-7/h2,4-5H,1,3H2",O=CC(O[O])CC=C
S(427)r1,2,0,"AMChI=1/C5H7O3/c1-2-4-5(3-6)8-7/h2-3,5H,1,4H2/t5-/m1/s1",S(427),"InChI=1S/C5H7O3/c1-2-3-5(4-6)8-7/h2,4-5H,1,3H2",O=CC(O[O])CC=C
S(439)r0,2,0,"AMChI=1/C5H7O3/c1-2-5(8-7)4-3-6/h2-3,5H,1,4H2/t5-/m0/s1",S(439),"InChI=1S/C5H7O3/c1-2-5(8-7)3-4-6/h2,4-5H,1,3H2",O=CCC(O[O])C=C
S(439)r1,2,0,"AMChI=1/C5H7O3/c1-2-5(8-7)4-3-6/h2-3,5H,1,4H2/t5-/m1/s1",S(439),"InChI=1S/C5H7O3/c1-2-5(8-7)3-4-6/h2,4-5H,1,3H2",O=CCC(O[O])C=C
C5H7O(36),2,0,"AMChI=1/C5H7O/c1-4-6-5(2)3/h4H,1-3H2",C5H7O(36),"InChI=1S/C5H7O/c1-4-6-5(2)3/h4H,1-3H2",C=C(OC=C)[CH2]
C5H7O(20),2,0,"AMChI=1/C5H7O/c1-3-4-5(2)6/h3H,1-2,4H2",C5H7O(20),"InChI=1S/C5H7O/c1-3-4-5(2)6/h3H,1-2,4H2",O=C(CC=C)[CH2]
S(458)z,2,0,"AMChI=1/C5H7O3/c1-2-7-4-3-5-8-6/h2-4H,1,5H2/b4-3-",S(458),"InChI=1S/C5H7O3/c1-2-7-4-3-5-8-6/h2-4H,1,5H2",[O]OCC=COC=C
S(458)e,2,0,"AMChI=1/C5H7O3/c1-2-7-4-3-5-8-6/h2-4H,1,5H2/b4-3+",S(458),"InChI=1S/C5H7O3/c1-2-7-4-3-5-8-6/h2-4H,1,5H2",[O]OCC=COC=C
S(457)r0,2,0,"AMChI=1/C5H7O3/c1-3-5(8-6)7-4-2/h3-5H,1-2H2/t5-/m0/s1",S(457),"InChI=1S/C5H7O3/c1-3-5(8-6)7-4-2/h3-5H,1-2H2",[O]OC(OC=C)C=C
S(457)r1,2,0,"AMChI=1/C5H7O3/c1-3-5(8-6)7-4-2/h3-5H,1-2H2/t5-/m1/s1",S(457),"InChI=1S/C5H7O3/c1-3-5(8-6)7-4-2/h3-5H,1-2H2",[O]OC(OC=C)C=C
S(114)r0,2,0,"AMChI=1/C5H7O3/c6-4-2-1-3-5(4)8-7/h5H,1-3H2/t5-/m0/s1",S(114),"InChI=1S/C5H7O3/c6-4-2-1-3-5(4)8-7/h5H,1-3H2",O=C1C(O[O])CCC1
S(114)r1,2,0,"AMChI=1/C5H7O3/c6-4-2-1-3-5(4)8-7/h5H,1-3H2/t5-/m1/s1",S(114),"InChI=1S/C5H7O3/c6-4-2-1-3-5(4)8-7/h5H,1-3H2",O=C1C(O[O])CCC1
S(134)r0,2,0,"AMChI=1/C5H7O3/c1-4-2-3-5(7-4)8-6/h2,5-6H,1,3H2/t5-/m0/s1",S(134),"InChI=1S/C5H7O3/c1-4-2-3-5(7-4)8-6/h2,5-6H,1,3H2",OOC1OC(=CC1)[CH2]
S(134)r1,2,0,"AMChI=1/C5H7O3/c1-4-2-3-5(7-4)8-6/h2,5-6H,1,3H2/t5-/m1/s1",S(134),"InChI=1S/C5H7O3/c1-4-2-3-5(7-4)8-6/h2,5-6H,1,3H2",OOC1OC(=CC1)[CH2]
C5H7O(42)z,2,0,"AMChI=1/C5H7O/c1-5-3-2-4-6-5/h1H,2-4H2/b5-1-",C5H7O(42),"InChI=1S/C5H7O/c1-5-3-2-4-6-5/h1H,2-4H2",[CH]=C1OCCC1
C5H7O(42)e,2,0,"AMChI=1/C5H7O/c1-5-3-2-4-6-5/h1H,2-4H2/b5-1+",C5H7O(42),"InChI=1S/C5H7O/c1-5-3-2-4-6-5/h1H,2-4H2",[CH]=C1OCCC1
S(492),2,0,"AMChI=1/C5H7O3/c1-2-3-5(6)4-8-7/h2H,1,3-4H2",S(492),"InChI=1S/C5H7O3/c1-2-3-5(6)4-8-7/h2H,1,3-4H2",O=C(CC=C)CO[O]
C5H7O(489),2,0,"AMChI=1/C5H7O/c1-5-2-4(6)3-5/h5H,1-3H2",C5H7O(489),"InChI=1S/C5H7O/c1-4-2-5(6)3-4/h4H,1-3H2",O=C1CC(C1)[CH2]
C5H8O(91)rs,1,0,"AMChI=1/C5H8O/c1-2-5-3-4(1)6-5/h4-5H,1-3H2/t4-,5+",C5H8O(91),"InChI=1S/C5H8O/c1-2-5-3-4(1)6-5/h4-5H,1-3H2",O1C2CC1CC2
C5H7O(54)r0,2,0,"AMChI=1/C5H7O/c1-5-4-2-3-6-5/h3,5H,4H2,1H3/t5-/m0/s1",C5H7O(54),"InChI=1S/C5H7O/c1-5-3-2-4-6-5/h4-5H,3H2,1H3",CC1OC=[C]C1
C5H7O(54)r1,2,0,"AMChI=1/C5H7O/c1-5-4-2-3-6-5/h3,5H,4H2,1H3/t5-/m1/s1",C5H7O(54),"InChI=1S/C5H7O/c1-5-3-2-4-6-5/h4-5H,3H2,1H3",CC1OC=[C]C1
C5H7O(40),2,0,"AMChI=1/C5H7O/c1-5-3-2-4-6-5/h2H,1,3-4H2",C5H7O(40),"InChI=1S/C5H7O/c1-5-3-2-4-6-5/h2H,1,3-4H2",C=C1OC[CH]C1
C5H7O(423)rr0,2,0,"AMChI=1/C5H7O/c1-4-3-5(4)2-6/h2,4-5H,1,3H2/t4-,5-/m0/s1",C5H7O(423),"InChI=1S/C5H7O/c1-4-2-5(4)3-6/h3-5H,1-2H2",O=CC1C(C1)[CH2]
C5H7O(423)rs0,2,0,"AMChI=1/C5H7O/c1-4-3-5(4)2-6/h2,4-5H,1,3H2/t4-,5+/m0/s1",C5H7O(423),"InChI=1S/C5H7O/c1-4-2-5(4)3-6/h3-5H,1-2H2",O=CC1C(C1)[CH2]
C5H7O(423)rs1,2,0,"AMChI=1/C5H7O/c1-4-3-5(4)2-6/h2,4-5H,1,3H2/t4-,5+/m1/s1",C5H7O(423),"InChI=1S/C5H7O/c1-4-2-5(4)3-6/h3-5H,1-2H2",O=CC1C(C1)[CH2]
C5H7O(423)rr1,2,0,"AMChI=1/C5H7O/c1-4-3-5(4)2-6/h2,4-5H,1,3H2/t4-,5-/m1/s1",C5H7O(423),"InChI=1S/C5H7O/c1-4-2-5(4)3-6/h3-5H,1-2H2",O=CC1C(C1)[CH2]
S(173)rr0,2,0,"AMChI=1/C5H7O3/c6-8-5-2-1-4(7)3-5/h1-2,4-5,7H,3H2/t4-,5-/m0/s1",S(173),"InChI=1S/C5H7O3/c6-4-1-2-5(3-4)8-7/h1-2,4-6H,3H2",OC1CC(O[O])C=C1
S(173)rs0,2,0,"AMChI=1/C5H7O3/c6-8-5-2-1-4(7)3-5/h1-2,4-5,7H,3H2/t4-,5+/m0/s1",S(173),"InChI=1S/C5H7O3/c6-4-1-2-5(3-4)8-7/h1-2,4-6H,3H2",OC1CC(O[O])C=C1
S(173)rs1,2,0,"AMChI=1/C5H7O3/c6-8-5-2-1-4(7)3-5/h1-2,4-5,7H,3H2/t4-,5+/m1/s1",S(173),"InChI=1S/C5H7O3/c6-4-1-2-5(3-4)8-7/h1-2,4-6H,3H2",OC1CC(O[O])C=C1
S(173)rr1,2,0,"AMChI=1/C5H7O3/c6-8-5-2-1-4(7)3-5/h1-2,4-5,7H,3H2/t4-,5-/m1/s1",S(173),"InChI=1S/C5H7O3/c6-4-1-2-5(3-4)8-7/h1-2,4-6H,3H2",OC1CC(O[O])C=C1
S(416)r0,2,0,"AMChI=1/C5H7O3/c6-8-4-1-5(7)3-2-4/h1,5,7H,2-3H2/t5-/m0/s1",S(416),"InChI=1S/C5H7O3/c6-4-1-2-5(3-4)8-7/h3-4,6H,1-2H2",OC1CCC(O[O])=C1
S(416)r1,2,0,"AMChI=1/C5H7O3/c6-8-4-1-5(7)3-2-4/h1,5,7H,2-3H2/t5-/m1/s1",S(416),"InChI=1S/C5H7O3/c6-4-1-2-5(3-4)8-7/h3-4,6H,1-2H2",OC1CCC(O[O])=C1
S(483),2,0,"AMChI=1/C5H7O3/c1-3-7-5(2)4-8-6/h3H,1-2,4H2",S(483),"InChI=1S/C5H7O3/c1-3-7-5(2)4-8-6/h3H,1-2,4H2",[O]OCC(OC=C)=C
S(130)r0,2,0,"AMChI=1/C5H7O3/c1-2-5-7-4(1)3-6-8-5/h5H,1-3H2/t5-/m0/s1",S(130),"InChI=1S/C5H7O3/c1-2-5-7-4(1)3-6-8-5/h5H,1-3H2",O1C2OOC[C]1CC2
S(130)r1,2,0,"AMChI=1/C5H7O3/c1-2-5-7-4(1)3-6-8-5/h5H,1-3H2/t5-/m1/s1",S(130),"InChI=1S/C5H7O3/c1-2-5-7-4(1)3-6-8-5/h5H,1-3H2",O1C2OOC[C]1CC2
S(438)z,2,0,"AMChI=1/C5H7O3/c6-3-4-1-2-5-8-7/h1-3H,4-5H2/b2-1-",S(438),"InChI=1S/C5H7O3/c6-4-2-1-3-5-8-7/h1,3-4H,2,5H2",O=CCC=CCO[O]
S(438)e,2,0,"AMChI=1/C5H7O3/c6-3-4-1-2-5-8-7/h1-3H,4-5H2/b2-1+",S(438),"InChI=1S/C5H7O3/c6-4-2-1-3-5-8-7/h1,3-4H,2,5H2",O=CCC=CCO[O]
C5H7O(123),2,0,"AMChI=1/C5H7O/c1-2-6-3-5-4-1/h1-3H,4-5H2",C5H7O(123),"InChI=1S/C5H7O/c1-2-4-6-5-3-1/h2,4-5H,1,3H2",O1[CH]CCC=C1
S(172)rr0,2,0,"AMChI=1/C5H7O3/c6-8-4-2-1-3-5(4)7/h1-2,4-5,7H,3H2/t4-,5-/m0/s1",S(172),"InChI=1S/C5H7O3/c6-4-2-1-3-5(4)8-7/h1,3-6H,2H2",OC1C(O[O])C=CC1
S(172)rs1,2,0,"AMChI=1/C5H7O3/c6-8-4-2-1-3-5(4)7/h1-2,4-5,7H,3H2/t4-,5+/m1/s1",S(172),"InChI=1S/C5H7O3/c6-4-2-1-3-5(4)8-7/h1,3-6H,2H2",OC1C(O[O])C=CC1
S(172)rs0,2,0,"AMChI=1/C5H7O3/c6-8-4-2-1-3-5(4)7/h1-2,4-5,7H,3H2/t4-,5+/m0/s1",S(172),"InChI=1S/C5H7O3/c6-4-2-1-3-5(4)8-7/h1,3-6H,2H2",OC1C(O[O])C=CC1
S(172)rr1,2,0,"AMChI=1/C5H7O3/c6-8-4-2-1-3-5(4)7/h1-2,4-5,7H,3H2/t4-,5-/m1/s1",S(172),"InChI=1S/C5H7O3/c6-4-2-1-3-5(4)8-7/h1,3-6H,2H2",OC1C(O[O])C=CC1
C5H6O(39),1,0,"AMChI=1/C5H6O/c1-5-4-2-3-6-5/h2-3H,1,4H2",C5H6O(39),"InChI=1S/C5H6O/c1-5-3-2-4-6-5/h2,4H,1,3H2",C=C1OC=CC1
C5H6O(23),1,0,"AMChI=1/C5H6O/c6-5-3-1-2-4-5/h1-2H,3-4H2",C5H6O(23),"InChI=1S/C5H6O/c6-5-3-1-2-4-5/h1-2H,3-4H2",O=C1CC=CC1
S(226)rr0,2,0,"AMChI=1/C5H7O3/c6-8-5-3-1-2-4(5)7/h1-2,4-5,7H,3H2/t4-,5-/m0/s1",S(226),"InChI=1S/C5H7O3/c6-4-2-1-3-5(4)8-7/h1-2,4-6H,3H2",OC1C(O[O])CC=C1
S(226)rs0,2,0,"AMChI=1/C5H7O3/c6-8-5-3-1-2-4(5)7/h1-2,4-5,7H,3H2/t4-,5+/m0/s1",S(226),"InChI=1S/C5H7O3/c6-4-2-1-3-5(4)8-7/h1-2,4-6H,3H2",OC1C(O[O])CC=C1
S(226)rs1,2,0,"AMChI=1/C5H7O3/c6-8-5-3-1-2-4(5)7/h1-2,4-5,7H,3H2/t4-,5+/m1/s1",S(226),"InChI=1S/C5H7O3/c6-4-2-1-3-5(4)8-7/h1-2,4-6H,3H2",OC1C(O[O])CC=C1
S(226)rr1,2,0,"AMChI=1/C5H7O3/c6-8-5-3-1-2-4(5)7/h1-2,4-5,7H,3H2/t4-,5-/m1/s1",S(226),"InChI=1S/C5H7O3/c6-4-2-1-3-5(4)8-7/h1-2,4-6H,3H2",OC1C(O[O])CC=C1
C5H7O(46)r0,2,0,"AMChI=1/C5H7O/c6-5-3-1-2-4-5/h2,5-6H,3-4H2/t5-/m0/s1",C5H7O(46),"InChI=1S/C5H7O/c6-5-3-1-2-4-5/h1,5-6H,3-4H2",OC1CC=[C]C1
C5H7O(46)r1,2,0,"AMChI=1/C5H7O/c6-5-3-1-2-4-5/h2,5-6H,3-4H2/t5-/m1/s1",C5H7O(46),"InChI=1S/C5H7O/c6-5-3-1-2-4-5/h1,5-6H,3-4H2",OC1CC=[C]C1
S(196)r0,2,0,"AMChI=1/C5H7O3/c1-4-5(8-6)2-3-7-4/h5H,1-3H2/t5-/m0/s1",S(196),"InChI=1S/C5H7O3/c1-4-5(8-6)2-3-7-4/h5H,1-3H2",[O]OC1CCOC1=C
S(196)r1,2,0,"AMChI=1/C5H7O3/c1-4-5(8-6)2-3-7-4/h5H,1-3H2/t5-/m1/s1",S(196),"InChI=1S/C5H7O3/c1-4-5(8-6)2-3-7-4/h5H,1-3H2",[O]OC1CCOC1=C
S(364),2,0,"AMChI=1/C5H7O3/c1-2-3-4-5(6)8-7/h2H,1,3-4H2",S(364),"InChI=1S/C5H7O3/c1-2-3-4-5(6)8-7/h2H,1,3-4H2",O=C(O[O])CCC=C
C5H7O(32)r0,2,0,"AMChI=1/C5H7O/c6-5-1-2-3-4-5/h2,5-6H,3-4H2/t5-/m0/s1",C5H7O(32),"InChI=1S/C5H7O/c6-5-3-1-2-4-5/h1,5-6H,2,4H2",OC1CCC=[C]1
C5H7O(32)r1,2,0,"AMChI=1/C5H7O/c6-5-1-2-3-4-5/h2,5-6H,3-4H2/t5-/m1/s1",C5H7O(32),"InChI=1S/C5H7O/c6-5-3-1-2-4-5/h1,5-6H,2,4H2",OC1CCC=[C]1
S(154)r0,2,0,"AMChI=1/C5H7O3/c6-8-4-5-2-1-3-7-5/h1-3,5-6H,4H2/t5-/m0/s1",S(154),"InChI=1S/C5H7O3/c6-8-4-5-2-1-3-7-5/h1-3,5-6H,4H2",OOCC1O[CH]C=C1
S(154)r1,2,0,"AMChI=1/C5H7O3/c6-8-4-5-2-1-3-7-5/h1-3,5-6H,4H2/t5-/m1/s1",S(154),"InChI=1S/C5H7O3/c6-8-4-5-2-1-3-7-5/h1-3,5-6H,4H2",OOCC1O[CH]C=C1
S(151)rs1,2,0,"AMChI=1/C5H7O3/c1-2-5-3-6-8-4(1)7-5/h1,4-5H,2-3H2/t4-,5+/m1/s1",S(151),"InChI=1S/C5H7O3/c1-2-5-7-4(1)3-6-8-5/h2,4-5H,1,3H2",O1C2C[CH]C1OOC2
S(151)rs0,2,0,"AMChI=1/C5H7O3/c1-2-5-3-6-8-4(1)7-5/h1,4-5H,2-3H2/t4-,5+/m0/s1",S(151),"InChI=1S/C5H7O3/c1-2-5-7-4(1)3-6-8-5/h2,4-5H,1,3H2",O1C2C[CH]C1OOC2
C5H7O(481),2,0,"AMChI=1/C5H7O/c1-2-6-5-3-4-5/h2H,1,3-4H2",C5H7O(481),"InChI=1S/C5H7O/c1-2-6-5-3-4-5/h2H,1,3-4H2",C=CO[C]1CC1
C5H7O(360)r0,2,0,"AMChI=1/C5H7O/c1-5-3-2-4(5)6/h5H,1-3H2/t5-/m0/s1",C5H7O(360),"InChI=1S/C5H7O/c1-4-2-3-5(4)6/h4H,1-3H2",O=C1C(CC1)[CH2]
C5H7O(360)r1,2,0,"AMChI=1/C5H7O/c1-5-3-2-4(5)6/h5H,1-3H2/t5-/m1/s1",C5H7O(360),"InChI=1S/C5H7O/c1-4-2-3-5(4)6/h4H,1-3H2",O=C1C(CC1)[CH2]
C5H7O(406)r0,2,0,"AMChI=1/C5H7O/c6-2-4-5-1-3-5/h1-2,5H,3-4H2/t5-/m0/s1",C5H7O(406),"InChI=1S/C5H7O/c6-4-3-5-1-2-5/h1,4-5H,2-3H2",O=CCC1C[CH]1
C5H7O(406)r1,2,0,"AMChI=1/C5H7O/c6-2-4-5-1-3-5/h1-2,5H,3-4H2/t5-/m1/s1",C5H7O(406),"InChI=1S/C5H7O/c6-4-3-5-1-2-5/h1,4-5H,2-3H2",O=CCC1C[CH]1
S(636)r0,2,0,"AMChI=1/C5H7O3/c6-8-4-1-2-5(7)3-4/h1,5,7H,2-3H2/t5-/m0/s1",S(636),"InChI=1S/C5H7O3/c6-4-1-2-5(3-4)8-7/h2,4,6H,1,3H2",OC1CC(O[O])=CC1
S(636)r1,2,0,"AMChI=1/C5H7O3/c6-8-4-1-2-5(7)3-4/h1,5,7H,2-3H2/t5-/m1/s1",S(636),"InChI=1S/C5H7O3/c6-4-1-2-5(3-4)8-7/h2,4,6H,1,3H2",OC1CC(O[O])=CC1
S(248)r0,2,0,"AMChI=1/C5H7O3/c6-8-5(7)2-1-3-4-5/h1-2,7H,3-4H2/t5-/m0/s1",S(248),"InChI=1S/C5H7O3/c6-5(8-7)3-1-2-4-5/h1,3,6H,2,4H2",OC1(O[O])CCC=C1
S(248)r1,2,0,"AMChI=1/C5H7O3/c6-8-5(7)2-1-3-4-5/h1-2,7H,3-4H2/t5-/m1/s1",S(248),"InChI=1S/C5H7O3/c6-5(8-7)3-1-2-4-5/h1,3,6H,2,4H2",OC1(O[O])CCC=C1
S(247)r0,2,0,"AMChI=1/C5H7O3/c6-8-5-1-4(7)2-3-5/h1,5,7H,2-3H2/t5-/m0/s1",S(247),"InChI=1S/C5H7O3/c6-4-1-2-5(3-4)8-7/h3,5-6H,1-2H2",OC=1CCC(O[O])C=1
S(247)r1,2,0,"AMChI=1/C5H7O3/c6-8-5-1-4(7)2-3-5/h1,5,7H,2-3H2/t5-/m1/s1",S(247),"InChI=1S/C5H7O3/c6-4-1-2-5(3-4)8-7/h3,5-6H,1-2H2",OC=1CCC(O[O])C=1
C5H7O(167)zzz,2,0,"AMChI=1/C5H7O/c1-2-3-4-5-6/h2-6H,1H2/b3-2-,4-3-,5-4-",C5H7O(167),"InChI=1S/C5H7O/c1-2-3-4-5-6/h2-6H,1H2",OC=CC=C[CH2]
C5H7O(167)zze,2,0,"AMChI=1/C5H7O/c1-2-3-4-5-6/h2-6H,1H2/b3-2-,4-3-,5-4+",C5H7O(167),"InChI=1S/C5H7O/c1-2-3-4-5-6/h2-6H,1H2",OC=CC=C[CH2]
C5H7O(167)zez,2,0,"AMChI=1/C5H7O/c1-2-3-4-5-6/h2-6H,1H2/b3-2-,4-3+,5-4-",C5H7O(167),"InChI=1S/C5H7O/c1-2-3-4-5-6/h2-6H,1H2",OC=CC=C[CH2]
C5H7O(167)zee,2,0,"AMChI=1/C5H7O/c1-2-3-4-5-6/h2-6H,1H2/b3-2-,4-3+,5-4+",C5H7O(167),"InChI=1S/C5H7O/c1-2-3-4-5-6/h2-6H,1H2",OC=CC=C[CH2]
C5H7O(167)ezz,2,0,"AMChI=1/C5H7O/c1-2-3-4-5-6/h2-6H,1H2/b3-2+,4-3-,5-4-",C5H7O(167),"InChI=1S/C5H7O/c1-2-3-4-5-6/h2-6H,1H2",OC=CC=C[CH2]
C5H7O(167)eze,2,0,"AMChI=1/C5H7O/c1-2-3-4-5-6/h2-6H,1H2/b3-2+,4-3-,5-4+",C5H7O(167),"InChI=1S/C5H7O/c1-2-3-4-5-6/h2-6H,1H2",OC=CC=C[CH2]
C5H7O(167)eez,2,0,"AMChI=1/C5H7O/c1-2-3-4-5-6/h2-6H,1H2/b3-2+,4-3+,5-4-",C5H7O(167),"InChI=1S/C5H7O/c1-2-3-4-5-6/h2-6H,1H2",OC=CC=C[CH2]
C5H7O(167)eee,2,0,"AMChI=1/C5H7O/c1-2-3-4-5-6/h2-6H,1H2/b3-2+,4-3+,5-4+",C5H7O(167),"InChI=1S/C5H7O/c1-2-3-4-5-6/h2-6H,1H2",OC=CC=C[CH2]
S(654)r0,2,0,"AMChI=1/C5H7O3/c6-8-4-1-2-3-5(4)7/h1,5,7H,2-3H2/t5-/m0/s1",S(654),"InChI=1S/C5H7O3/c6-4-2-1-3-5(4)8-7/h3-4,6H,1-2H2",OC1CCC=C1O[O]
S(654)r1,2,0,"AMChI=1/C5H7O3/c6-8-4-1-2-3-5(4)7/h1,5,7H,2-3H2/t5-/m1/s1",S(654),"InChI=1S/C5H7O3/c6-4-2-1-3-5(4)8-7/h3-4,6H,1-2H2",OC1CCC=C1O[O]
S(150)rr0,2,0,"AMChI=1/C5H7O3/c1-4-2-5(6-1)3-7-8-4/h1,4-5H,2-3H2/t4-,5-/m0/s1",S(150),"InChI=1S/C5H7O3/c1-4-3-7-8-5(1)2-6-4/h2,4-5H,1,3H2",O1C2CC(OOC2)[CH]1
S(150)rs0,2,0,"AMChI=1/C5H7O3/c1-4-2-5(6-1)3-7-8-4/h1,4-5H,2-3H2/t4-,5+/m0/s1",S(150),"InChI=1S/C5H7O3/c1-4-3-7-8-5(1)2-6-4/h2,4-5H,1,3H2",O1C2CC(OOC2)[CH]1
S(150)rr1,2,0,"AMChI=1/C5H7O3/c1-4-2-5(6-1)3-7-8-4/h1,4-5H,2-3H2/t4-,5-/m1/s1",S(150),"InChI=1S/C5H7O3/c1-4-3-7-8-5(1)2-6-4/h2,4-5H,1,3H2",O1C2CC(OOC2)[CH]1
S(162)zr0,2,0,"AMChI=1/C5H7O3/c1-2-4-3-5(7-4)8-6/h2,5-6H,1,3H2/b4-2-/t5-/m0/s1",S(162),"InChI=1S/C5H7O3/c1-2-4-3-5(7-4)8-6/h2,5-6H,1,3H2",OOC1OC(C1)=C[CH2]
S(162)er0,2,0,"AMChI=1/C5H7O3/c1-2-4-3-5(7-4)8-6/h2,5-6H,1,3H2/b4-2+/t5-/m0/s1",S(162),"InChI=1S/C5H7O3/c1-2-4-3-5(7-4)8-6/h2,5-6H,1,3H2",OOC1OC(C1)=C[CH2]
S(162)zr1,2,0,"AMChI=1/C5H7O3/c1-2-4-3-5(7-4)8-6/h2,5-6H,1,3H2/b4-2-/t5-/m1/s1",S(162),"InChI=1S/C5H7O3/c1-2-4-3-5(7-4)8-6/h2,5-6H,1,3H2",OOC1OC(C1)=C[CH2]
S(162)er1,2,0,"AMChI=1/C5H7O3/c1-2-4-3-5(7-4)8-6/h2,5-6H,1,3H2/b4-2+/t5-/m1/s1",S(162),"InChI=1S/C5H7O3/c1-2-4-3-5(7-4)8-6/h2,5-6H,1,3H2",OOC1OC(C1)=C[CH2]
S(148)rr0,2,0,"AMChI=1/C5H7O3/c1-4-2-3-5(7-4)8-6/h2-5H,1H3/t4-,5-/m0/s1",S(148),"InChI=1S/C5H7O3/c1-4-2-3-5(7-4)8-6/h2-5H,1H3",[O]OC1OC(C)C=C1
S(148)rs0,2,0,"AMChI=1/C5H7O3/c1-4-2-3-5(7-4)8-6/h2-5H,1H3/t4-,5+/m0/s1",S(148),"InChI=1S/C5H7O3/c1-4-2-3-5(7-4)8-6/h2-5H,1H3",[O]OC1OC(C)C=C1
S(148)rs1,2,0,"AMChI=1/C5H7O3/c1-4-2-3-5(7-4)8-6/h2-5H,1H3/t4-,5+/m1/s1",S(148),"InChI=1S/C5H7O3/c1-4-2-3-5(7-4)8-6/h2-5H,1H3",[O]OC1OC(C)C=C1
S(148)rr1,2,0,"AMChI=1/C5H7O3/c1-4-2-3-5(7-4)8-6/h2-5H,1H3/t4-,5-/m1/s1",S(148),"InChI=1S/C5H7O3/c1-4-2-3-5(7-4)8-6/h2-5H,1H3",[O]OC1OC(C)C=C1
C5H7O(75)zr0,2,0,"AMChI=1/C5H7O/c1-4-3-5(2)6-4/h1,5H,3H2,2H3/b4-1-/t5-/m0/s1",C5H7O(75),"InChI=1S/C5H7O/c1-4-3-5(2)6-4/h1,5H,3H2,2H3",CC1OC(C1)=[CH]
C5H7O(75)er0,2,0,"AMChI=1/C5H7O/c1-4-3-5(2)6-4/h1,5H,3H2,2H3/b4-1+/t5-/m0/s1",C5H7O(75),"InChI=1S/C5H7O/c1-4-3-5(2)6-4/h1,5H,3H2,2H3",CC1OC(C1)=[CH]
C5H7O(75)zr1,2,0,"AMChI=1/C5H7O/c1-4-3-5(2)6-4/h1,5H,3H2,2H3/b4-1-/t5-/m1/s1",C5H7O(75),"InChI=1S/C5H7O/c1-4-3-5(2)6-4/h1,5H,3H2,2H3",CC1OC(C1)=[CH]
C5H7O(75)er1,2,0,"AMChI=1/C5H7O/c1-4-3-5(2)6-4/h1,5H,3H2,2H3/b4-1+/t5-/m1/s1",C5H7O(75),"InChI=1S/C5H7O/c1-4-3-5(2)6-4/h1,5H,3H2,2H3",CC1OC(C1)=[CH]
S(386),2,0,"AMChI=1/C5H7O3/c1-5(8-7)4-3-2-6/h2H,1,3-4H2",S(386),"InChI=1S/C5H7O3/c1-5(8-7)3-2-4-6/h4H,1-3H2",O=CCCC(O[O])=C
C5H8O(92),1,0,AMChI=1/C5H8O/c6-5-3-1-2-4-5/h1-4H2,C5H8O(92),InChI=1S/C5H8O/c6-5-3-1-2-4-5/h1-4H2,O=C1CCCC1
S(195),2,0,"AMChI=1/C5H7O3/c6-8-4-5-1-2-3-7-5/h1H,2-4H2",S(195),"InChI=1S/C5H7O3/c6-8-4-5-2-1-3-7-5/h2H,1,3-4H2",[O]OCC=1OCCC=1
S(119)r0,2,0,"AMChI=1/C5H7O3/c6-4-2-1-5(3-4)8-7/h1,5,7H,2-3H2/t5-/m0/s1",S(119),"InChI=1S/C5H7O3/c6-4-1-2-5(3-4)8-7/h2,5,7H,1,3H2",OOC1CC(=O)C[CH]1
S(119)r1,2,0,"AMChI=1/C5H7O3/c6-4-2-1-5(3-4)8-7/h1,5,7H,2-3H2/t5-/m1/s1",S(119),"InChI=1S/C5H7O3/c6-4-1-2-5(3-4)8-7/h2,5,7H,1,3H2",OOC1CC(=O)C[CH]1
C5H7O(60)r0,2,0,"AMChI=1/C5H7O/c1-2-5-3-4-6-5/h5H,1,3-4H2/t5-/m0/s1",C5H7O(60),"InChI=1S/C5H7O/c1-2-5-3-4-6-5/h5H,1,3-4H2",C=[C]C1OCC1
C5H7O(60)r1,2,0,"AMChI=1/C5H7O/c1-2-5-3-4-6-5/h5H,1,3-4H2/t5-/m1/s1",C5H7O(60),"InChI=1S/C5H7O/c1-2-5-3-4-6-5/h5H,1,3-4H2",C=[C]C1OCC1
S(147)rr0,2,0,"AMChI=1/C5H7O3/c1-4-5(8-6)2-3-7-4/h2-5H,1H3/t4-,5-/m0/s1",S(147),"InChI=1S/C5H7O3/c1-4-5(8-6)2-3-7-4/h2-5H,1H3",[O]OC1C(OC=C1)C
S(147)rs0,2,0,"AMChI=1/C5H7O3/c1-4-5(8-6)2-3-7-4/h2-5H,1H3/t4-,5+/m0/s1",S(147),"InChI=1S/C5H7O3/c1-4-5(8-6)2-3-7-4/h2-5H,1H3",[O]OC1C(OC=C1)C
S(147)rs1,2,0,"AMChI=1/C5H7O3/c1-4-5(8-6)2-3-7-4/h2-5H,1H3/t4-,5+/m1/s1",S(147),"InChI=1S/C5H7O3/c1-4-5(8-6)2-3-7-4/h2-5H,1H3",[O]OC1C(OC=C1)C
S(147)rr1,2,0,"AMChI=1/C5H7O3/c1-4-5(8-6)2-3-7-4/h2-5H,1H3/t4-,5-/m1/s1",S(147),"InChI=1S/C5H7O3/c1-4-5(8-6)2-3-7-4/h2-5H,1H3",[O]OC1C(OC=C1)C
C5H7O(68)r0,2,0,"AMChI=1/C5H7O/c1-4-5-2-3-6-5/h3,5H,4H2,1H3/t5-/m0/s1",C5H7O(68),"InChI=1S/C5H7O/c1-2-5-3-4-6-5/h4-5H,2H2,1H3",CCC1OC=[C]1
C5H7O(68)r1,2,0,"AMChI=1/C5H7O/c1-4-5-2-3-6-5/h3,5H,4H2,1H3/t5-/m1/s1",C5H7O(68),"InChI=1S/C5H7O/c1-2-5-3-4-6-5/h4-5H,2H2,1H3",CCC1OC=[C]1
S(646)r0,2,0,"AMChI=1/C5H7O3/c1-5-3-2-4(6)7-8-5/h5H,1-3H2/t5-/m0/s1",S(646),"InChI=1S/C5H7O3/c1-4-2-3-5(6)8-7-4/h4H,1-3H2",O=C1OOC(CC1)[CH2]
S(646)r1,2,0,"AMChI=1/C5H7O3/c1-5-3-2-4(6)7-8-5/h5H,1-3H2/t5-/m1/s1",S(646),"InChI=1S/C5H7O3/c1-4-2-3-5(6)8-7-4/h4H,1-3H2",O=C1OOC(CC1)[CH2]
S(101)rrs0,1,0,"AMChI=1/C5H8O3/c6-8-5-2-3-1-4(5)7-3/h3-6H,1-2H2/t3-,4-,5+/m0/s1",S(101),"InChI=1S/C5H8O3/c6-8-5-2-3-1-4(5)7-3/h3-6H,1-2H2",OOC1C2OC(C2)C1
S(101)rsr0,1,0,"AMChI=1/C5H8O3/c6-8-5-2-3-1-4(5)7-3/h3-6H,1-2H2/t3-,4+,5-/m0/s1",S(101),"InChI=1S/C5H8O3/c6-8-5-2-3-1-4(5)7-3/h3-6H,1-2H2",OOC1C2OC(C2)C1
S(101)rss0,1,0,"AMChI=1/C5H8O3/c6-8-5-2-3-1-4(5)7-3/h3-6H,1-2H2/t3-,4+,5+/m0/s1",S(101),"InChI=1S/C5H8O3/c6-8-5-2-3-1-4(5)7-3/h3-6H,1-2H2",OOC1C2OC(C2)C1
S(101)rss1,1,0,"AMChI=1/C5H8O3/c6-8-5-2-3-1-4(5)7-3/h3-6H,1-2H2/t3-,4+,5+/m1/s1",S(101),"InChI=1S/C5H8O3/c6-8-5-2-3-1-4(5)7-3/h3-6H,1-2H2",OOC1C2OC(C2)C1
S(101)rsr1,1,0,"AMChI=1/C5H8O3/c6-8-5-2-3-1-4(5)7-3/h3-6H,1-2H2/t3-,4+,5-/m1/s1",S(101),"InChI=1S/C5H8O3/c6-8-5-2-3-1-4(5)7-3/h3-6H,1-2H2",OOC1C2OC(C2)C1
S(101)rrr1,1,0,"AMChI=1/C5H8O3/c6-8-5-2-3-1-4(5)7-3/h3-6H,1-2H2/t3-,4-,5-/m1/s1",S(101),"InChI=1S/C5H8O3/c6-8-5-2-3-1-4(5)7-3/h3-6H,1-2H2",OOC1C2OC(C2)C1
C5H7O3(80)r0,2,0,"AMChI=1/C5H7O3/c6-8-5-2-1-4(7-5)3-5/h6H,1-3H2/t5-/m0/s1",C5H7O3(80),"InChI=1S/C5H7O3/c6-8-5-2-1-4(3-5)7-5/h6H,1-3H2",OOC12O[C](C2)CC1
C5H7O3(80)r1,2,0,"AMChI=1/C5H7O3/c6-8-5-2-1-4(7-5)3-5/h6H,1-3H2/t5-/m1/s1",C5H7O3(80),"InChI=1S/C5H7O3/c6-8-5-2-1-4(3-5)7-5/h6H,1-3H2",OOC12O[C](C2)CC1
S(780)rs,1,0,"AMChI=1/C5H6O2/c6-3-1-4-5(7-4)2-3/h4-5H,1-2H2/t4-,5+",S(780),"InChI=1S/C5H6O2/c6-3-1-4-5(2-3)7-4/h4-5H,1-2H2",O=C1CC2OC2C1
HO(82),2,0,AMChI=1/HO/h1H,HO(82),InChI=1S/HO/h1H,[OH]
S(214)r0,2,0,"AMChI=1/C5H7O3/c1-5(8-6)4-2-3-7-5/h2-3H,4H2,1H3/t5-/m0/s1",S(214),"InChI=1S/C5H7O3/c1-5(8-6)3-2-4-7-5/h2,4H,3H2,1H3",[O]OC1(OC=CC1)C
S(214)r1,2,0,"AMChI=1/C5H7O3/c1-5(8-6)4-2-3-7-5/h2-3H,4H2,1H3/t5-/m1/s1",S(214),"InChI=1S/C5H7O3/c1-5(8-6)3-2-4-7-5/h2,4H,3H2,1H3",[O]OC1(OC=CC1)C
S(810),2,0,"AMChI=1/C5H7O3/c6-4-1-2-5(3-4)8-7/h7H,1-3H2",S(810),"InChI=1S/C5H7O3/c6-4-1-2-5(3-4)8-7/h7H,1-3H2",OO[C]1CCC(=O)C1
S(118),1,0,AMChI=1/C5H6O2/c6-4-1-2-5(7)3-4/h1-3H2,S(118),InChI=1S/C5H6O2/c6-4-1-2-5(7)3-4/h1-3H2,O=C1CCC(=O)C1
S(128)rrs0,2,0,"AMChI=1/C5H7O3/c6-8-4-2-1-3-5(4)7-3/h3-5H,1-2H2/t3-,4-,5+/m0/s1",S(128),"InChI=1S/C5H7O3/c6-8-4-2-1-3-5(4)7-3/h3-5H,1-2H2",[O]OC1C2OC2CC1
S(128)rss0,2,0,"AMChI=1/C5H7O3/c6-8-4-2-1-3-5(4)7-3/h3-5H,1-2H2/t3-,4+,5+/m0/s1",S(128),"InChI=1S/C5H7O3/c6-8-4-2-1-3-5(4)7-3/h3-5H,1-2H2",[O]OC1C2OC2CC1
S(128)rss1,2,0,"AMChI=1/C5H7O3/c6-8-4-2-1-3-5(4)7-3/h3-5H,1-2H2/t3-,4+,5+/m1/s1",S(128),"InChI=1S/C5H7O3/c6-8-4-2-1-3-5(4)7-3/h3-5H,1-2H2",[O]OC1C2OC2CC1
S(128)rrs1,2,0,"AMChI=1/C5H7O3/c6-8-4-2-1-3-5(4)7-3/h3-5H,1-2H2/t3-,4-,5+/m1/s1",S(128),"InChI=1S/C5H7O3/c6-8-4-2-1-3-5(4)7-3/h3-5H,1-2H2",[O]OC1C2OC2CC1
C2H3O(385),2,0,"AMChI=1/C2H3O/c1-2-3/h2H,1H2",C2H3O(385),"InChI=1S/C2H3O/c1-2-3/h2H,1H2",O=C[CH2]
C3H4(384),1,0,AMChI=1/C3H4/c1-3-2/h1-2H2,C3H4(384),InChI=1S/C3H4/c1-3-2/h1-2H2,C=C=C
C4H6(436),1,0,"AMChI=1/C4H6/c1-3-4-2/h3-4H,1-2H2",C4H6(436),"InChI=1S/C4H6/c1-3-4-2/h3-4H,1-2H2",C=CC=C
C5H7O(138)zzz,2,0,"AMChI=1/C5H7O/c1-2-3-4-5-6/h2-5H,1H3/b3-2-,4-3-,5-4-",C5H7O(138),"InChI=1S/C5H7O/c1-2-3-4-5-6/h2-5H,1H3",[O]C=CC=CC
C5H7O(138)zze,2,0,"AMChI=1/C5H7O/c1-2-3-4-5-6/h2-5H,1H3/b3-2-,4-3-,5-4+",C5H7O(138),"InChI=1S/C5H7O/c1-2-3-4-5-6/h2-5H,1H3",[O]C=CC=CC
C5H7O(138)zez,2,0,"AMChI=1/C5H7O/c1-2-3-4-5-6/h2-5H,1H3/b3-2-,4-3+,5-4-",C5H7O(138),"InChI=1S/C5H7O/c1-2-3-4-5-6/h2-5H,1H3",[O]C=CC=CC
C5H7O(138)zee,2,0,"AMChI=1/C5H7O/c1-2-3-4-5-6/h2-5H,1H3/b3-2-,4-3+,5-4+",C5H7O(138),"InChI=1S/C5H7O/c1-2-3-4-5-6/h2-5H,1H3",[O]C=CC=CC
C5H7O(138)ezz,2,0,"AMChI=1/C5H7O/c1-2-3-4-5-6/h2-5H,1H3/b3-2+,4-3-,5-4-",C5H7O(138),"InChI=1S/C5H7O/c1-2-3-4-5-6/h2-5H,1H3",[O]C=CC=CC
C5H7O(138)eze,2,0,"AMChI=1/C5H7O/c1-2-3-4-5-6/h2-5H,1H3/b3-2+,4-3-,5-4+",C5H7O(138),"InChI=1S/C5H7O/c1-2-3-4-5-6/h2-5H,1H3",[O]C=CC=CC
C5H7O(138)eez,2,0,"AMChI=1/C5H7O/c1-2-3-4-5-6/h2-5H,1H3/b3-2+,4-3+,5-4-",C5H7O(138),"InChI=1S/C5H7O/c1-2-3-4-5-6/h2-5H,1H3",[O]C=CC=CC
C5H7O(138)eee,2,0,"AMChI=1/C5H7O/c1-2-3-4-5-6/h2-5H,1H3/b3-2+,4-3+,5-4+",C5H7O(138),"InChI=1S/C5H7O/c1-2-3-4-5-6/h2-5H,1H3",[O]C=CC=CC
CHO(437),2,0,AMChI=1/CHO/c1-2/h1H,CHO(437),InChI=1S/CHO/c1-2/h1H,O=[CH]
S(769)z,2,0,"AMChI=1/C5H7O3/c1-5(8-7)4-2-3-6/h2-3,7H,1,4H2/b3-2-",S(769),"InChI=1S/C5H7O3/c1-5(8-7)3-2-4-6/h2,4,7H,1,3H2",OOC(C[CH]C=O)=C
S(769)e,2,0,"AMChI=1/C5H7O3/c1-5(8-7)4-2-3-6/h2-3,7H,1,4H2/b3-2+",S(769),"InChI=1S/C5H7O3/c1-5(8-7)3-2-4-6/h2,4,7H,1,3H2",OOC(C[CH]C=O)=C
S(765),2,0,"AMChI=1/C5H7O3/c1-5(7-8-5)4-3-2-6/h2H,1,3-4H2",S(765),"InChI=1S/C5H7O3/c1-5(7-8-5)3-2-4-6/h4H,1-3H2",O=CCCC1(OO1)[CH2]
S(122)r0,1,0,"AMChI=1/C5H8O3/c6-4-1-2-5(3-4)8-7/h5,7H,1-3H2/t5-/m0/s1",S(122),"InChI=1S/C5H8O3/c6-4-1-2-5(3-4)8-7/h5,7H,1-3H2",OOC1CCC(=O)C1
S(122)r1,1,0,"AMChI=1/C5H8O3/c6-4-1-2-5(3-4)8-7/h5,7H,1-3H2/t5-/m1/s1",S(122),"InChI=1S/C5H8O3/c6-4-1-2-5(3-4)8-7/h5,7H,1-3H2",OOC1CCC(=O)C1
C5H6O(57)r0,1,0,"AMChI=1/C5H6O/c1-2-5-3-4-6-5/h2-5H,1H2/t5-/m0/s1",C5H6O(57),"InChI=1S/C5H6O/c1-2-5-3-4-6-5/h2-5H,1H2",C=CC1OC=C1
C5H6O(57)r1,1,0,"AMChI=1/C5H6O/c1-2-5-3-4-6-5/h2-5H,1H2/t5-/m1/s1",C5H6O(57),"InChI=1S/C5H6O/c1-2-5-3-4-6-5/h2-5H,1H2",C=CC1OC=C1
S(206)r0,2,0,"AMChI=1/C5H7O3/c1-4-3-5(8-6)2-7-4/h2,5-6H,1,3H2/t5-/m0/s1",S(206),"InChI=1S/C5H7O3/c1-4-2-5(8-6)3-7-4/h3,5-6H,1-2H2",OOC1CC(O[CH]1)=C
S(206)r1,2,0,"AMChI=1/C5H7O3/c1-4-3-5(8-6)2-7-4/h2,5-6H,1,3H2/t5-/m1/s1",S(206),"InChI=1S/C5H7O3/c1-4-2-5(8-6)3-7-4/h3,5-6H,1-2H2",OOC1CC(O[CH]1)=C
C5H6O(125)r0,1,0,"AMChI=1/C5H6O/c1-2-3-5-4(1)6-5/h1,5H,2-3H2/t5-/m0/s1",C5H6O(125),"InChI=1S/C5H6O/c1-2-4-5(3-1)6-4/h2,5H,1,3H2",O1C2CCC=C12
C5H6O(125)r1,1,0,"AMChI=1/C5H6O/c1-2-3-5-4(1)6-5/h1,5H,2-3H2/t5-/m1/s1",C5H6O(125),"InChI=1S/C5H6O/c1-2-4-5(3-1)6-4/h2,5H,1,3H2",O1C2CCC=C12
S(131)rs0,2,0,"AMChI=1/C5H7O3/c1-5-3-2-4(7-8-5)6-5/h4H,1-3H2/t4-,5+/m0/s1",S(131),"InChI=1S/C5H7O3/c1-5-3-2-4(6-5)7-8-5/h4H,1-3H2",[CH2]C12OC(OO2)CC1
S(131)rs1,2,0,"AMChI=1/C5H7O3/c1-5-3-2-4(7-8-5)6-5/h4H,1-3H2/t4-,5+/m1/s1",S(131),"InChI=1S/C5H7O3/c1-5-3-2-4(6-5)7-8-5/h4H,1-3H2",[CH2]C12OC(OO2)CC1
C2H2O(362),1,0,AMChI=1/C2H2O/c1-2-3/h1H2,C2H2O(362),InChI=1S/C2H2O/c1-2-3/h1H2,O=C=C
C3H5(363),2,0,"AMChI=1/C3H5/c1-3-2/h3H,1-2H2",C3H5(363),"InChI=1S/C3H5/c1-3-2/h3H,1-2H2",[CH2]C=C
S(606)r0,2,0,"AMChI=1/C5H7O3/c6-8-5-4-3-1-2-7-5/h1-2,5H,3-4H2/t5-/m0/s1",S(606),"InChI=1S/C5H7O3/c6-8-5-3-1-2-4-7-5/h2,4-5H,1,3H2",[O]OC1OC=CCC1
S(606)r1,2,0,"AMChI=1/C5H7O3/c6-8-5-4-3-1-2-7-5/h1-2,5H,3-4H2/t5-/m1/s1",S(606),"InChI=1S/C5H7O3/c6-8-5-3-1-2-4-7-5/h2,4-5H,1,3H2",[O]OC1OC=CCC1
S(390)zr0,2,0,"AMChI=1/C5H7O3/c6-2-1-5-3-4-7-8-5/h1-2,5H,3-4H2/b2-1-/t5-/m0/s1",S(390),"InChI=1S/C5H7O3/c6-3-1-5-2-4-7-8-5/h1,3,5H,2,4H2",O=C[CH]C1OOCC1
S(390)er0,2,0,"AMChI=1/C5H7O3/c6-2-1-5-3-4-7-8-5/h1-2,5H,3-4H2/b2-1+/t5-/m0/s1",S(390),"InChI=1S/C5H7O3/c6-3-1-5-2-4-7-8-5/h1,3,5H,2,4H2",O=C[CH]C1OOCC1
S(390)zr1,2,0,"AMChI=1/C5H7O3/c6-2-1-5-3-4-7-8-5/h1-2,5H,3-4H2/b2-1-/t5-/m1/s1",S(390),"InChI=1S/C5H7O3/c6-3-1-5-2-4-7-8-5/h1,3,5H,2,4H2",O=C[CH]C1OOCC1
S(390)er1,2,0,"AMChI=1/C5H7O3/c6-2-1-5-3-4-7-8-5/h1-2,5H,3-4H2/b2-1+/t5-/m1/s1",S(390),"InChI=1S/C5H7O3/c6-3-1-5-2-4-7-8-5/h1,3,5H,2,4H2",O=C[CH]C1OOCC1
C5H7O(378)z,2,0,"AMChI=1/C5H7O/c1-5-4-3-2-6/h3-4H,5H2,1H3/b4-3-",C5H7O(378),"InChI=1S/C5H7O/c1-2-3-4-5-6/h3-4H,2H2,1H3",O=[C]C=CCC
C5H7O(378)e,2,0,"AMChI=1/C5H7O/c1-5-4-3-2-6/h3-4H,5H2,1H3/b4-3+",C5H7O(378),"InChI=1S/C5H7O/c1-2-3-4-5-6/h3-4H,2H2,1H3",O=[C]C=CCC
C5H7O(61)zr0,2,0,"AMChI=1/C5H7O/c1-2-5-3-4-6-5/h1-2,5H,3-4H2/b2-1-/t5-/m0/s1",C5H7O(61),"InChI=1S/C5H7O/c1-2-5-3-4-6-5/h1-2,5H,3-4H2",[CH]=CC1OCC1
C5H7O(61)er0,2,0,"AMChI=1/C5H7O/c1-2-5-3-4-6-5/h1-2,5H,3-4H2/b2-1+/t5-/m0/s1",C5H7O(61),"InChI=1S/C5H7O/c1-2-5-3-4-6-5/h1-2,5H,3-4H2",[CH]=CC1OCC1
C5H7O(61)zr1,2,0,"AMChI=1/C5H7O/c1-2-5-3-4-6-5/h1-2,5H,3-4H2/b2-1-/t5-/m1/s1",C5H7O(61),"InChI=1S/C5H7O/c1-2-5-3-4-6-5/h1-2,5H,3-4H2",[CH]=CC1OCC1
C5H7O(61)er1,2,0,"AMChI=1/C5H7O/c1-2-5-3-4-6-5/h1-2,5H,3-4H2/b2-1+/t5-/m1/s1",C5H7O(61),"InChI=1S/C5H7O/c1-2-5-3-4-6-5/h1-2,5H,3-4H2",[CH]=CC1OCC1
C2H4(64),1,0,AMChI=1/C2H4/c1-2/h1-2H2,C2H4(64),InChI=1S/C2H4/c1-2/h1-2H2,C=C
C3H3O(376)z,2,0,AMChI=1/C3H3O/c1-2-3-4/h1-3H/b2-1-,C3H3O(376),InChI=1S/C3H3O/c1-2-3-4/h1-3H,O=CC=[CH]
C3H3O(376)e,2,0,AMChI=1/C3H3O/c1-2-3-4/h1-3H/b2-1+,C3H3O(376),InChI=1S/C3H3O/c1-2-3-4/h1-3H,O=CC=[CH]
S(216)r0,2,0,"AMChI=1/C5H7O3/c6-4-3-2-1-5(4)8-7/h1,5,7H,2-3H2/t5-/m0/s1",S(216),"InChI=1S/C5H7O3/c6-4-2-1-3-5(4)8-7/h3,5,7H,1-2H2",OOC1[CH]CCC1=O
S(216)r1,2,0,"AMChI=1/C5H7O3/c6-4-3-2-1-5(4)8-7/h1,5,7H,2-3H2/t5-/m1/s1",S(216),"InChI=1S/C5H7O3/c6-4-2-1-3-5(4)8-7/h3,5,7H,1-2H2",OOC1[CH]CCC1=O
C5H7O(22)rr0,2,0,"AMChI=1/C5H7O/c6-5-2-1-4(5)3-5/h4H,1-3H2/t4-,5-/m0/s1",C5H7O(22),"InChI=1S/C5H7O/c6-5-2-1-4(5)3-5/h4H,1-3H2",[O]C12C(C1)CC2
C5H7O(22)rs1,2,0,"AMChI=1/C5H7O/c6-5-2-1-4(5)3-5/h4H,1-3H2/t4-,5+/m1/s1",C5H7O(22),"InChI=1S/C5H7O/c6-5-2-1-4(5)3-5/h4H,1-3H2",[O]C12C(C1)CC2
C5H7O(22)rr1,2,0,"AMChI=1/C5H7O/c6-5-2-1-4(5)3-5/h4H,1-3H2/t4-,5-/m1/s1",C5H7O(22),"InChI=1S/C5H7O/c6-5-2-1-4(5)3-5/h4H,1-3H2",[O]C12C(C1)CC2
S(551)r0,2,0,"AMChI=1/C5H7O3/c1-5-3-4(8-6)2-7-5/h2,5H,3H2,1H3/t5-/m0/s1",S(551),"InChI=1S/C5H7O3/c1-4-2-5(8-6)3-7-4/h3-4H,2H2,1H3",[O]OC=1CC(OC=1)C
S(551)r1,2,0,"AMChI=1/C5H7O3/c1-5-3-4(8-6)2-7-5/h2,5H,3H2,1H3/t5-/m1/s1",S(551),"InChI=1S/C5H7O3/c1-4-2-5(8-6)3-7-4/h3-4H,2H2,1H3",[O]OC=1CC(OC=1)C
C5H8O(95),1,0,"AMChI=1/C5H8O/c6-5-3-1-2-4-5/h1-2,5-6H,3-4H2",C5H8O(95),"InChI=1S/C5H8O/c6-5-3-1-2-4-5/h1-2,5-6H,3-4H2",OC1CC=CC1
C5H7O(221)rrr0,2,0,"AMChI=1/C5H7O/c6-4-1-3-2-5(3)4/h1,3-6H,2H2/t3-,4-,5-/m0/s1",C5H7O(221),"InChI=1S/C5H7O/c6-5-2-3-1-4(3)5/h2-6H,1H2",OC1C2C(C2)[CH]1
C5H7O(221)rsr0,2,0,"AMChI=1/C5H7O/c6-4-1-3-2-5(3)4/h1,3-6H,2H2/t3-,4+,5-/m0/s1",C5H7O(221),"InChI=1S/C5H7O/c6-5-2-3-1-4(3)5/h2-6H,1H2",OC1C2C(C2)[CH]1
C5H7O(221)rss0,2,0,"AMChI=1/C5H7O/c6-4-1-3-2-5(3)4/h1,3-6H,2H2/t3-,4+,5+/m0/s1",C5H7O(221),"InChI=1S/C5H7O/c6-5-2-3-1-4(3)5/h2-6H,1H2",OC1C2C(C2)[CH]1
C5H7O(221)rrs1,2,0,"AMChI=1/C5H7O/c6-4-1-3-2-5(3)4/h1,3-6H,2H2/t3-,4-,5+/m1/s1",C5H7O(221),"InChI=1S/C5H7O/c6-5-2-3-1-4(3)5/h2-6H,1H2",OC1C2C(C2)[CH]1
C5H7O(221)rsr1,2,0,"AMChI=1/C5H7O/c6-4-1-3-2-5(3)4/h1,3-6H,2H2/t3-,4+,5-/m1/s1",C5H7O(221),"InChI=1S/C5H7O/c6-5-2-3-1-4(3)5/h2-6H,1H2",OC1C2C(C2)[CH]1
C5H7O(221)rrr1,2,0,"AMChI=1/C5H7O/c6-4-1-3-2-5(3)4/h1,3-6H,2H2/t3-,4-,5-/m1/s1",C5H7O(221),"InChI=1S/C5H7O/c6-5-2-3-1-4(3)5/h2-6H,1H2",OC1C2C(C2)[CH]1
S(121)r0,2,0,"AMChI=1/C5H7O3/c6-4-1-2-5(3-4)8-7/h1,5,7H,2-3H2/t5-/m0/s1",S(121),"InChI=1S/C5H7O3/c6-4-1-2-5(3-4)8-7/h1,5,7H,2-3H2",OOC1C[CH]C(=O)C1
S(121)r1,2,0,"AMChI=1/C5H7O3/c6-4-1-2-5(3-4)8-7/h1,5,7H,2-3H2/t5-/m1/s1",S(121),"InChI=1S/C5H7O3/c6-4-1-2-5(3-4)8-7/h1,5,7H,2-3H2",OOC1C[CH]C(=O)C1
C5H7O(222)rrs0,2,0,"AMChI=1/C5H7O/c6-5-3-1-2-4(3)5/h1,3-6H,2H2/t3-,4-,5+/m0/s1",C5H7O(222),"InChI=1S/C5H7O/c6-5-3-1-2-4(3)5/h1,3-6H,2H2",OC1C2C1[CH]C2
C5H7O(222)rsr0,2,0,"AMChI=1/C5H7O/c6-5-3-1-2-4(3)5/h1,3-6H,2H2/t3-,4+,5-/m0/s1",C5H7O(222),"InChI=1S/C5H7O/c6-5-3-1-2-4(3)5/h1,3-6H,2H2",OC1C2C1[CH]C2
C5H7O(222)rss0,2,0,"AMChI=1/C5H7O/c6-5-3-1-2-4(3)5/h1,3-6H,2H2/t3-,4+,5+/m0/s1",C5H7O(222),"InChI=1S/C5H7O/c6-5-3-1-2-4(3)5/h1,3-6H,2H2",OC1C2C1[CH]C2
C5H7O(222)rss1,2,0,"AMChI=1/C5H7O/c6-5-3-1-2-4(3)5/h1,3-6H,2H2/t3-,4+,5+/m1/s1",C5H7O(222),"InChI=1S/C5H7O/c6-5-3-1-2-4(3)5/h1,3-6H,2H2",OC1C2C1[CH]C2
C5H7O(222)rsr1,2,0,"AMChI=1/C5H7O/c6-5-3-1-2-4(3)5/h1,3-6H,2H2/t3-,4+,5-/m1/s1",C5H7O(222),"InChI=1S/C5H7O/c6-5-3-1-2-4(3)5/h1,3-6H,2H2",OC1C2C1[CH]C2
C5H7O(222)rrr1,2,0,"AMChI=1/C5H7O/c6-5-3-1-2-4(3)5/h1,3-6H,2H2/t3-,4-,5-/m1/s1",C5H7O(222),"InChI=1S/C5H7O/c6-5-3-1-2-4(3)5/h1,3-6H,2H2",OC1C2C1[CH]C2
S(937)rr0,2,0,"AMChI=1/C5H7O3/c6-8-4-2-1-3-5(4)7-3/h4-6H,1-2H2/t4-,5-/m0/s1",S(937),"InChI=1S/C5H7O3/c6-8-4-2-1-3-5(4)7-3/h4-6H,1-2H2",OOC1C2O[C]2CC1
S(937)rs0,2,0,"AMChI=1/C5H7O3/c6-8-4-2-1-3-5(4)7-3/h4-6H,1-2H2/t4-,5+/m0/s1",S(937),"InChI=1S/C5H7O3/c6-8-4-2-1-3-5(4)7-3/h4-6H,1-2H2",OOC1C2O[C]2CC1
S(937)rs1,2,0,"AMChI=1/C5H7O3/c6-8-4-2-1-3-5(4)7-3/h4-6H,1-2H2/t4-,5+/m1/s1",S(937),"InChI=1S/C5H7O3/c6-8-4-2-1-3-5(4)7-3/h4-6H,1-2H2",OOC1C2O[C]2CC1
S(937)rr1,2,0,"AMChI=1/C5H7O3/c6-8-4-2-1-3-5(4)7-3/h4-6H,1-2H2/t4-,5-/m1/s1",S(937),"InChI=1S/C5H7O3/c6-8-4-2-1-3-5(4)7-3/h4-6H,1-2H2",OOC1C2O[C]2CC1
S(1131)z,1,0,AMChI=1/C4H4O2/c5-3-1-2-4-6/h1-4H/b2-1-,S(1131),InChI=1S/C4H4O2/c5-3-1-2-4-6/h1-4H,O=CC=CC=O
S(1131)e,1,0,AMChI=1/C4H4O2/c5-3-1-2-4-6/h1-4H/b2-1+,S(1131),InChI=1S/C4H4O2/c5-3-1-2-4-6/h1-4H,O=CC=CC=O
S(1080),1,0,"AMChI=1/C4H6O/c1-2-4-3-5/h2-3H,1,4H2",S(1080),"InChI=1S/C4H6O/c1-2-3-4-5/h2,4H,1,3H2",O=CCC=C
S(990),1,0,"AMChI=1/C3H4O2/c4-1-3-2-5/h1-2H,3H2",S(990),"InChI=1S/C3H4O2/c4-2-1-3-5/h2-3H,1H2",O=CCC=O
CH2O2(989),1,0,"AMChI=1/CH2O2/c2-1-3/h1,3H",CH2O2(989),"InChI=1S/CH2O2/c2-1-3/h1H,(H,2,3)",OC=O
CH2O3(988),1,0,"AMChI=1/CH2O3/c2-1-4-3/h1,3H",CH2O3(988),"InChI=1S/CH2O3/c2-1-4-3/h1,3H",OOC=O
CH2O(987),1,0,AMChI=1/CH2O/c1-2/h1H2,CH2O(987),InChI=1S/CH2O/c1-2/h1H2,O=C
CHO3(986),2,0,AMChI=1/CHO3/c2-1-4-3/h1H,CHO3(986),InChI=1S/CHO3/c2-1-4-3/h1H,O=CO[O]
C5H7O(419),2,0,"AMChI=1/C5H7O/c1-2-6-5-3-4-1/h1-3H,4-5H2",C5H7O(419),"InChI=1S/C5H7O/c1-2-4-6-5-3-1/h2-4H,1,5H2",O1C[CH]CC=C1
C5H7O(238)r0,2,0,"AMChI=1/C5H7O/c1-4-2-3-5(4)6/h5H,1-3H2/t5-/m0/s1",C5H7O(238),"InChI=1S/C5H7O/c1-4-2-3-5(4)6/h5H,1-3H2",[O]C1CCC1=C
C5H7O(238)r1,2,0,"AMChI=1/C5H7O/c1-4-2-3-5(4)6/h5H,1-3H2/t5-/m1/s1",C5H7O(238),"InChI=1S/C5H7O/c1-4-2-3-5(4)6/h5H,1-3H2",[O]C1CCC1=C
S(943),2,0,"AMChI=1/C2H3O3/c3-1-2-5-4/h1H,2H2",S(943),"InChI=1S/C2H3O3/c3-1-2-5-4/h1H,2H2",O=CCO[O]
C5H6O(126)rs0,1,0,"AMChI=1/C5H6O/c1-2-4-5(6-4)3-1/h1-2,4-5H,3H2/t4-,5+/m0/s1",C5H6O(126),"InChI=1S/C5H6O/c1-2-4-5(3-1)6-4/h1-2,4-5H,3H2",O1C2C1C=CC2
C5H6O(126)rs1,1,0,"AMChI=1/C5H6O/c1-2-4-5(6-4)3-1/h1-2,4-5H,3H2/t4-,5+/m1/s1",C5H6O(126),"InChI=1S/C5H6O/c1-2-4-5(3-1)6-4/h1-2,4-5H,3H2",O1C2C1C=CC2
C5H7O(198),2,0,"AMChI=1/C5H7O/c6-2-5-3-1-4-5/h1-2,5H,3-4H2",C5H7O(198),"InChI=1S/C5H7O/c6-4-5-2-1-3-5/h1,4-5H,2-3H2",O=CC1C[CH]C1
S(580),1,0,"AMChI=1/C5H6O2/c6-4-1-5(7)3-2-4/h1,7H,2-3H2",S(580),"InChI=1S/C5H6O2/c6-4-1-2-5(7)3-4/h3,6H,1-2H2",OC=1CCC(=O)C=1
S(577)r0,2,0,"AMChI=1/C5H7O3/c6-5-2-4(8-7)1-3-5/h1-2,5-7H,3H2/t5-/m0/s1",S(577),"InChI=1S/C5H7O3/c6-4-1-2-5(3-4)8-7/h2-4,6-7H,1H2",OC1C[CH]C(OO)=C1
S(577)r1,2,0,"AMChI=1/C5H7O3/c6-5-2-4(8-7)1-3-5/h1-2,5-7H,3H2/t5-/m1/s1",S(577),"InChI=1S/C5H7O3/c6-4-1-2-5(3-4)8-7/h2-4,6-7H,1H2",OC1C[CH]C(OO)=C1
S(576)r0,2,0,"AMChI=1/C5H7O3/c6-4-1-5(7-8-5)3-2-4/h1,4,6H,2-3H2/t4-/m0/s1",S(576),"InChI=1S/C5H7O3/c6-4-1-2-5(3-4)7-8-5/h3-4,6H,1-2H2",OC1CCC2(OO2)[CH]1
S(576)r1,2,0,"AMChI=1/C5H7O3/c6-4-1-5(7-8-5)3-2-4/h1,4,6H,2-3H2/t4-/m1/s1",S(576),"InChI=1S/C5H7O3/c6-4-1-2-5(3-4)7-8-5/h3-4,6H,1-2H2",OC1CCC2(OO2)[CH]1
S(342)r0,2,0,"AMChI=1/C5H7O3/c6-4-2-1-3-5(4)8-7/h1,5,7H,2-3H2/t5-/m0/s1",S(342),"InChI=1S/C5H7O3/c6-4-2-1-3-5(4)8-7/h1,5,7H,2-3H2",OOC1C[CH]CC1=O
S(342)r1,2,0,"AMChI=1/C5H7O3/c6-4-2-1-3-5(4)8-7/h1,5,7H,2-3H2/t5-/m1/s1",S(342),"InChI=1S/C5H7O3/c6-4-2-1-3-5(4)8-7/h1,5,7H,2-3H2",OOC1C[CH]CC1=O
C5H6O(375)z,1,0,"AMChI=1/C5H6O/c1-2-3-4-5-6/h2-5H,1H2/b4-3-",C5H6O(375),"InChI=1S/C5H6O/c1-2-3-4-5-6/h2-5H,1H2",O=CC=CC=C
C5H6O(375)e,1,0,"AMChI=1/C5H6O/c1-2-3-4-5-6/h2-5H,1H2/b4-3+",C5H6O(375),"InChI=1S/C5H6O/c1-2-3-4-5-6/h2-5H,1H2",O=CC=CC=C
C5H7O(53)r0,2,0,"AMChI=1/C5H7O/c1-5-4-3-2-6-5/h3,5H,4H2,1H3/t5-/m0/s1",C5H7O(53),"InChI=1S/C5H7O/c1-5-3-2-4-6-5/h2,5H,3H2,1H3",CC1O[C]=CC1
C5H7O(53)r1,2,0,"AMChI=1/C5H7O/c1-5-4-3-2-6-5/h3,5H,4H2,1H3/t5-/m1/s1",C5H7O(53),"InChI=1S/C5H7O/c1-5-3-2-4-6-5/h2,5H,3H2,1H3",CC1O[C]=CC1
S(811),2,0,"AMChI=1/C5H7O3/c1-4-2-3-5(7-4)8-6/h6H,1-3H2",S(811),"InChI=1S/C5H7O3/c1-4-2-3-5(7-4)8-6/h6H,1-3H2",OO[C]1OC(CC1)=C
S(132),1,0,AMChI=1/C5H6O2/c1-4-2-3-5(6)7-4/h1-3H2,S(132),InChI=1S/C5H6O2/c1-4-2-3-5(6)7-4/h1-3H2,O=C1OC(CC1)=C
S(644),2,0,"AMChI=1/C5H7O3/c6-5-4-2-1-3-7-8-5/h1H,2-4H2",S(644),"InChI=1S/C5H7O3/c6-5-3-1-2-4-7-8-5/h2H,1,3-4H2",O=C1OOC[CH]CC1
S(1035)rs0,1,0,"AMChI=1/C5H6O2/c1-3-2-4-5(7-4)6-3/h4-5H,1-2H2/t4-,5+/m0/s1",S(1035),"InChI=1S/C5H6O2/c1-3-2-4-5(6-3)7-4/h4-5H,1-2H2",C=C1OC2OC2C1
S(1035)rs1,1,0,"AMChI=1/C5H6O2/c1-3-2-4-5(7-4)6-3/h4-5H,1-2H2/t4-,5+/m1/s1",S(1035),"InChI=1S/C5H6O2/c1-3-2-4-5(6-3)7-4/h4-5H,1-2H2",C=C1OC2OC2C1
S(237),2,0,"AMChI=1/C5H7O3/c6-8-5(7)3-1-2-4-5/h1-2,7H,3-4H2",S(237),"InChI=1S/C5H7O3/c6-5(8-7)3-1-2-4-5/h1-2,6H,3-4H2",OC1(O[O])CC=CC1
C3H6(1077),1,0,"AMChI=1/C3H6/c1-3-2/h3H,1H2,2H3",C3H6(1077),"InChI=1S/C3H6/c1-3-2/h3H,1H2,2H3",CC=C
S(956),2,0,"AMChI=1/C3H5O2/c1-2-3-5-4/h2H,1,3H2",S(956),"InChI=1S/C3H5O2/c1-2-3-5-4/h2H,1,3H2",[O]OCC=C
S(1108)r0,2,0,"AMChI=1/C5H7O3/c1-4-5(8-7)3-2-6/h3,5H,4H2,1H3/t5-/m0/s1",S(1108),"InChI=1S/C5H7O3/c1-2-5(8-7)3-4-6/h3,5H,2H2,1H3",[O]OC(CC)C=C=O
S(1108)r1,2,0,"AMChI=1/C5H7O3/c1-4-5(8-7)3-2-6/h3,5H,4H2,1H3/t5-/m1/s1",S(1108),"InChI=1S/C5H7O3/c1-2-5(8-7)3-4-6/h3,5H,2H2,1H3",[O]OC(CC)C=C=O
S(1107)z,2,0,"AMChI=1/C5H7O3/c1-4-2-3-5(6)8-7/h2-3H,4H2,1H3/b3-2-",S(1107),"InChI=1S/C5H7O3/c1-2-3-4-5(6)8-7/h3-4H,2H2,1H3",O=C(O[O])C=CCC
S(1107)e,2,0,"AMChI=1/C5H7O3/c1-4-2-3-5(6)8-7/h2-3H,4H2,1H3/b3-2+",S(1107),"InChI=1S/C5H7O3/c1-2-3-4-5(6)8-7/h3-4H,2H2,1H3",O=C(O[O])C=CCC
C5H7O(236)z,2,0,"AMChI=1/C5H7O/c1-3-4-5(2)6/h1,3,6H,2,4H2/b3-1-",C5H7O(236),"InChI=1S/C5H7O/c1-3-4-5(2)6/h1,3,6H,2,4H2",OC(CC=[CH])=C
C5H7O(236)e,2,0,"AMChI=1/C5H7O/c1-3-4-5(2)6/h1,3,6H,2,4H2/b3-1+",C5H7O(236),"InChI=1S/C5H7O/c1-3-4-5(2)6/h1,3,6H,2,4H2",OC(CC=[CH])=C
S(158)rs0,2,0,"AMChI=1/C5H7O3/c1-2-6-8-5-3-4(1)7-5/h1,4-5H,2-3H2/t4-,5+/m0/s1",S(158),"InChI=1S/C5H7O3/c1-2-6-8-5-3-4(1)7-5/h1,4-5H,2-3H2",O1C2CC1OOC[CH]2
S(158)rs1,2,0,"AMChI=1/C5H7O3/c1-2-6-8-5-3-4(1)7-5/h1,4-5H,2-3H2/t4-,5+/m1/s1",S(158),"InChI=1S/C5H7O3/c1-2-6-8-5-3-4(1)7-5/h1,4-5H,2-3H2",O1C2CC1OOC[CH]2
S(979)zr0,2,0,"AMChI=1/C5H7O3/c1-2-3-5(4-6)8-7/h2-5H,1H3/b3-2-/t5-/m0/s1",S(979),"InChI=1S/C5H7O3/c1-2-3-5(4-6)8-7/h2-5H,1H3",O=CC(O[O])C=CC
S(979)er0,2,0,"AMChI=1/C5H7O3/c1-2-3-5(4-6)8-7/h2-5H,1H3/b3-2+/t5-/m0/s1",S(979),"InChI=1S/C5H7O3/c1-2-3-5(4-6)8-7/h2-5H,1H3",O=CC(O[O])C=CC
S(979)zr1,2,0,"AMChI=1/C5H7O3/c1-2-3-5(4-6)8-7/h2-5H,1H3/b3-2-/t5-/m1/s1",S(979),"InChI=1S/C5H7O3/c1-2-3-5(4-6)8-7/h2-5H,1H3",O=CC(O[O])C=CC
S(979)er1,2,0,"AMChI=1/C5H7O3/c1-2-3-5(4-6)8-7/h2-5H,1H3/b3-2+/t5-/m1/s1",S(979),"InChI=1S/C5H7O3/c1-2-3-5(4-6)8-7/h2-5H,1H3",O=CC(O[O])C=CC
S(153),2,0,"AMChI=1/C5H7O3/c6-8-4-5-3-1-2-7-5/h1-2,6H,3-4H2",S(153),"InChI=1S/C5H7O3/c6-8-4-5-2-1-3-7-5/h1,3,6H,2,4H2",OOC[C]1OC=CC1
S(1130)z,1,0,"AMChI=1/C3H4O2/c4-2-1-3-5/h1-3,5H/b3-1-",S(1130),InChI=1S/C3H4O2/c4-2-1-3-5/h1-4H,OC=CC=O
S(1130)e,1,0,"AMChI=1/C3H4O2/c4-2-1-3-5/h1-3,5H/b3-1+",S(1130),InChI=1S/C3H4O2/c4-2-1-3-5/h1-4H,OC=CC=O
C#C(443),1,0,AMChI=1/C2H2/c1-2/h1-2H,C#C(443),InChI=1S/C2H2/c1-2/h1-2H,C#C
C3H5O(444),2,0,"AMChI=1/C3H5O/c1-3-2-4/h2H,1,3H2",C3H5O(444),"InChI=1S/C3H5O/c1-2-3-4/h3H,1-2H2",O=CC[CH2]
S(978)zr0,2,0,"AMChI=1/C5H7O3/c1-5(8-7)3-2-4-6/h2-5H,1H3/b3-2-/t5-/m0/s1",S(978),"InChI=1S/C5H7O3/c1-5(8-7)3-2-4-6/h2-5H,1H3",O=CC=CC(O[O])C
S(978)er0,2,0,"AMChI=1/C5H7O3/c1-5(8-7)3-2-4-6/h2-5H,1H3/b3-2+/t5-/m0/s1",S(978),"InChI=1S/C5H7O3/c1-5(8-7)3-2-4-6/h2-5H,1H3",O=CC=CC(O[O])C
S(978)zr1,2,0,"AMChI=1/C5H7O3/c1-5(8-7)3-2-4-6/h2-5H,1H3/b3-2-/t5-/m1/s1",S(978),"InChI=1S/C5H7O3/c1-5(8-7)3-2-4-6/h2-5H,1H3",O=CC=CC(O[O])C
S(978)er1,2,0,"AMChI=1/C5H7O3/c1-5(8-7)3-2-4-6/h2-5H,1H3/b3-2+/t5-/m1/s1",S(978),"InChI=1S/C5H7O3/c1-5(8-7)3-2-4-6/h2-5H,1H3",O=CC=CC(O[O])C
C5H7O(414),2,0,"AMChI=1/C5H7O/c1-2-4-5-3-6/h1,3,6H,4-5H2",C5H7O(414),"InChI=1S/C5H7O/c1-2-3-4-5-6/h1,5-6H,3-4H2",O[CH]CCC#C
S(186)r0,2,0,"AMChI=1/C5H7O3/c1-4-2-5(8-4)3-7-6/h2,5-6H,1,3H2/t5-/m0/s1",S(186),"InChI=1S/C5H7O3/c1-4-2-5(8-4)3-7-6/h2,5-6H,1,3H2",OOCC1OC(=C1)[CH2]
S(186)r1,2,0,"AMChI=1/C5H7O3/c1-4-2-5(8-4)3-7-6/h2,5-6H,1,3H2/t5-/m1/s1",S(186),"InChI=1S/C5H7O3/c1-4-2-5(8-4)3-7-6/h2,5-6H,1,3H2",OOCC1OC(=C1)[CH2]
S(136)r0,1,0,"AMChI=1/C5H8O3/c1-4-2-3-5(7-4)8-6/h5-6H,1-3H2/t5-/m0/s1",S(136),"InChI=1S/C5H8O3/c1-4-2-3-5(7-4)8-6/h5-6H,1-3H2",OOC1OC(CC1)=C
S(136)r1,1,0,"AMChI=1/C5H8O3/c1-4-2-3-5(7-4)8-6/h5-6H,1-3H2/t5-/m1/s1",S(136),"InChI=1S/C5H8O3/c1-4-2-3-5(7-4)8-6/h5-6H,1-3H2",OOC1OC(CC1)=C
S(919)r0,1,0,"AMChI=1/C5H8O2/c1-3-5-4(6)2-7-5/h2,5-6H,3H2,1H3/t5-/m0/s1",S(919),"InChI=1S/C5H8O2/c1-2-5-4(6)3-7-5/h3,5-6H,2H2,1H3",OC=1C(OC=1)CC
S(919)r1,1,0,"AMChI=1/C5H8O2/c1-3-5-4(6)2-7-5/h2,5-6H,3H2,1H3/t5-/m1/s1",S(919),"InChI=1S/C5H8O2/c1-2-5-4(6)3-7-5/h3,5-6H,2H2,1H3",OC=1C(OC=1)CC
S(911)r0,1,0,"AMChI=1/C5H8O2/c6-4-1-2-5(4)3-7/h5,7H,1-3H2/t5-/m0/s1",S(911),"InChI=1S/C5H8O2/c6-3-4-1-2-5(4)7/h4,6H,1-3H2",OCC1CCC1=O
S(911)r1,1,0,"AMChI=1/C5H8O2/c6-4-1-2-5(4)3-7/h5,7H,1-3H2/t5-/m1/s1",S(911),"InChI=1S/C5H8O2/c6-3-4-1-2-5(4)7/h4,6H,1-3H2",OCC1CCC1=O
S(909)r0,1,0,"AMChI=1/C5H8O2/c6-4-1-2-3-5(4)7/h1,5-7H,2-3H2/t5-/m0/s1",S(909),"InChI=1S/C5H8O2/c6-4-2-1-3-5(4)7/h2,5-7H,1,3H2",OC1CCC=C1O
S(909)r1,1,0,"AMChI=1/C5H8O2/c6-4-1-2-3-5(4)7/h1,5-7H,2-3H2/t5-/m1/s1",S(909),"InChI=1S/C5H8O2/c6-4-2-1-3-5(4)7/h2,5-7H,1,3H2",OC1CCC=C1O
S(908)r0,1,0,"AMChI=1/C5H8O2/c6-4-1-2-5(7)3-4/h1,5-7H,2-3H2/t5-/m0/s1",S(908),"InChI=1S/C5H8O2/c6-4-1-2-5(7)3-4/h1,5-7H,2-3H2",OC1CC(O)=CC1
S(908)r1,1,0,"AMChI=1/C5H8O2/c6-4-1-2-5(7)3-4/h1,5-7H,2-3H2/t5-/m1/s1",S(908),"InChI=1S/C5H8O2/c6-4-1-2-5(7)3-4/h1,5-7H,2-3H2",OC1CC(O)=CC1
S(896)r0,1,0,"AMChI=1/C5H8O2/c1-5-3-4(6)2-7-5/h2,5-6H,3H2,1H3/t5-/m0/s1",S(896),"InChI=1S/C5H8O2/c1-4-2-5(6)3-7-4/h3-4,6H,2H2,1H3",OC=1CC(OC=1)C
S(896)r1,1,0,"AMChI=1/C5H8O2/c1-5-3-4(6)2-7-5/h2,5-6H,3H2,1H3/t5-/m1/s1",S(896),"InChI=1S/C5H8O2/c1-4-2-5(6)3-7-4/h3-4,6H,2H2,1H3",OC=1CC(OC=1)C
S(893)z,1,0,"AMChI=1/C5H8O2/c6-1-5-3-2-4-7-5/h1,6H,2-4H2/b5-1-",S(893),"InChI=1S/C5H8O2/c6-4-5-2-1-3-7-5/h4,6H,1-3H2",OC=C1OCCC1
S(893)e,1,0,"AMChI=1/C5H8O2/c6-1-5-3-2-4-7-5/h1,6H,2-4H2/b5-1+",S(893),"InChI=1S/C5H8O2/c6-4-5-2-1-3-7-5/h4,6H,1-3H2",OC=C1OCCC1
S(892),1,0,"AMChI=1/C5H8O2/c1-2-3-5(6)4-7/h2,7H,1,3-4H2",S(892),"InChI=1S/C5H8O2/c1-2-3-5(7)4-6/h2,6H,1,3-4H2",OCC(=O)CC=C
S(890),1,0,"AMChI=1/C5H8O2/c1-3-7-5(2)4-6/h3,6H,1-2,4H2",S(890),"InChI=1S/C5H8O2/c1-3-7-5(2)4-6/h3,6H,1-2,4H2",OCC(OC=C)=C
S(889)z,1,0,"AMChI=1/C5H8O2/c1-2-7-4-3-5-6/h2-4,6H,1,5H2/b4-3-",S(889),"InChI=1S/C5H8O2/c1-2-7-5-3-4-6/h2-3,5-6H,1,4H2",OCC=COC=C
S(889)e,1,0,"AMChI=1/C5H8O2/c1-2-7-4-3-5-6/h2-4,6H,1,5H2/b4-3+",S(889),"InChI=1S/C5H8O2/c1-2-7-5-3-4-6/h2-3,5-6H,1,4H2",OCC=COC=C
S(887)z,1,0,"AMChI=1/C5H8O2/c6-3-5-4-1-2-7/h1-3,7H,4-5H2/b2-1-",S(887),"InChI=1S/C5H8O2/c6-4-2-1-3-5-7/h2,4-6H,1,3H2",OC=CCCC=O
S(887)e,1,0,"AMChI=1/C5H8O2/c6-3-5-4-1-2-7/h1-3,7H,4-5H2/b2-1+",S(887),"InChI=1S/C5H8O2/c6-4-2-1-3-5-7/h2,4-6H,1,3H2",OC=CCCC=O
S(826)rr0,1,0,"AMChI=1/C5H8O2/c1-2-4-3-5(6)7-4/h2,4-6H,1,3H2/t4-,5-/m0/s1",S(826),"InChI=1S/C5H8O2/c1-2-4-3-5(6)7-4/h2,4-6H,1,3H2",OC1OC(C1)C=C
S(826)rs0,1,0,"AMChI=1/C5H8O2/c1-2-4-3-5(6)7-4/h2,4-6H,1,3H2/t4-,5+/m0/s1",S(826),"InChI=1S/C5H8O2/c1-2-4-3-5(6)7-4/h2,4-6H,1,3H2",OC1OC(C1)C=C
S(826)rs1,1,0,"AMChI=1/C5H8O2/c1-2-4-3-5(6)7-4/h2,4-6H,1,3H2/t4-,5+/m1/s1",S(826),"InChI=1S/C5H8O2/c1-2-4-3-5(6)7-4/h2,4-6H,1,3H2",OC1OC(C1)C=C
S(826)rr1,1,0,"AMChI=1/C5H8O2/c1-2-4-3-5(6)7-4/h2,4-6H,1,3H2/t4-,5-/m1/s1",S(826),"InChI=1S/C5H8O2/c1-2-4-3-5(6)7-4/h2,4-6H,1,3H2",OC1OC(C1)C=C
C5H6O(383),1,0,"AMChI=1/C5H6O/c1-2-4-5-3-6/h1,3H,4-5H2",C5H6O(383),"InChI=1S/C5H6O/c1-2-3-4-5-6/h1,5H,3-4H2",O=CCCC#C
S(875),1,0,"AMChI=1/C5H8O2/c1-2-3-4-5(6)7/h2,7H,1,3-4H2",S(875),"InChI=1S/C5H8O2/c1-2-3-4-5(6)7/h2H,1,3-4H2,(H,6,7)",OC(=O)CCC=C
S(825)r0,1,0,"AMChI=1/C5H8O2/c6-4-5-3-1-2-7-5/h1-2,5-6H,3-4H2/t5-/m0/s1",S(825),"InChI=1S/C5H8O2/c6-4-5-2-1-3-7-5/h1,3,5-6H,2,4H2",OCC1OC=CC1
S(825)r1,1,0,"AMChI=1/C5H8O2/c6-4-5-3-1-2-7-5/h1-2,5-6H,3-4H2/t5-/m1/s1",S(825),"InChI=1S/C5H8O2/c6-4-5-2-1-3-7-5/h1,3,5-6H,2,4H2",OCC1OC=CC1
S(824),1,0,"AMChI=1/C5H8O2/c6-7-5-3-1-2-4-5/h1-2,5-6H,3-4H2",S(824),"InChI=1S/C5H8O2/c6-7-5-3-1-2-4-5/h1-2,5-6H,3-4H2",OOC1CC=CC1
S(823)r0,1,0,"AMChI=1/C5H8O2/c1-4-2-3-5(6)7-4/h5-6H,1-3H2/t5-/m0/s1",S(823),"InChI=1S/C5H8O2/c1-4-2-3-5(6)7-4/h5-6H,1-3H2",OC1OC(CC1)=C
S(823)r1,1,0,"AMChI=1/C5H8O2/c1-4-2-3-5(6)7-4/h5-6H,1-3H2/t5-/m1/s1",S(823),"InChI=1S/C5H8O2/c1-4-2-3-5(6)7-4/h5-6H,1-3H2",OC1OC(CC1)=C
S(822)r0,1,0,"AMChI=1/C5H8O2/c6-7-5-2-1-3-4-5/h1-2,5-6H,3-4H2/t5-/m0/s1",S(822),"InChI=1S/C5H8O2/c6-7-5-3-1-2-4-5/h1,3,5-6H,2,4H2",OOC1CCC=C1
S(822)r1,1,0,"AMChI=1/C5H8O2/c6-7-5-2-1-3-4-5/h1-2,5-6H,3-4H2/t5-/m1/s1",S(822),"InChI=1S/C5H8O2/c6-7-5-3-1-2-4-5/h1,3,5-6H,2,4H2",OOC1CCC=C1
S(821)r0,1,0,"AMChI=1/C5H8O2/c6-4-1-2-5(7)3-4/h5,7H,1-3H2/t5-/m0/s1",S(821),"InChI=1S/C5H8O2/c6-4-1-2-5(7)3-4/h4,6H,1-3H2",OC1CCC(=O)C1
S(821)r1,1,0,"AMChI=1/C5H8O2/c6-4-1-2-5(7)3-4/h5,7H,1-3H2/t5-/m1/s1",S(821),"InChI=1S/C5H8O2/c6-4-1-2-5(7)3-4/h4,6H,1-3H2",OC1CCC(=O)C1
S(818)rrs0,1,0,"AMChI=1/C5H8O2/c6-4-1-3-2-5(4)7-3/h3-6H,1-2H2/t3-,4-,5+/m0/s1",S(818),"InChI=1S/C5H8O2/c6-4-1-3-2-5(4)7-3/h3-6H,1-2H2",OC1C2OC(C2)C1
S(818)rss0,1,0,"AMChI=1/C5H8O2/c6-4-1-3-2-5(4)7-3/h3-6H,1-2H2/t3-,4+,5+/m0/s1",S(818),"InChI=1S/C5H8O2/c6-4-1-3-2-5(4)7-3/h3-6H,1-2H2",OC1C2OC(C2)C1
S(818)rss1,1,0,"AMChI=1/C5H8O2/c6-4-1-3-2-5(4)7-3/h3-6H,1-2H2/t3-,4+,5+/m1/s1",S(818),"InChI=1S/C5H8O2/c6-4-1-3-2-5(4)7-3/h3-6H,1-2H2",OC1C2OC(C2)C1
S(818)rrs1,1,0,"AMChI=1/C5H8O2/c6-4-1-3-2-5(4)7-3/h3-6H,1-2H2/t3-,4-,5+/m1/s1",S(818),"InChI=1S/C5H8O2/c6-4-1-3-2-5(4)7-3/h3-6H,1-2H2",OC1C2OC(C2)C1
S(408)r0,2,0,"AMChI=1/C5H7O3/c6-1-4(8-7)5-2-3-5/h1,4-5H,2-3H2/t4-/m0/s1",S(408),"InChI=1S/C5H7O3/c6-3-5(8-7)4-1-2-4/h3-5H,1-2H2",O=CC(O[O])C1CC1
S(408)r1,2,0,"AMChI=1/C5H7O3/c6-1-4(8-7)5-2-3-5/h1,4-5H,2-3H2/t4-/m1/s1",S(408),"InChI=1S/C5H7O3/c6-3-5(8-7)4-1-2-4/h3-5H,1-2H2",O=CC(O[O])C1CC1
C5H7O(434)z,2,0,"AMChI=1/C5H7O/c1-3-4-5-2-6/h3-4H,5H2,1H3/b4-3-",C5H7O(434),"InChI=1S/C5H7O/c1-2-3-4-5-6/h2-3H,4H2,1H3",O=[C]CC=CC
C5H7O(434)e,2,0,"AMChI=1/C5H7O/c1-3-4-5-2-6/h3-4H,5H2,1H3/b4-3+",C5H7O(434),"InChI=1S/C5H7O/c1-2-3-4-5-6/h2-3H,4H2,1H3",O=[C]CC=CC
C5H7O(58)r0,2,0,"AMChI=1/C5H7O/c1-2-5-3-4-6-5/h2-3,5H,1,4H2/t5-/m0/s1",C5H7O(58),"InChI=1S/C5H7O/c1-2-5-3-4-6-5/h2-3,5H,1,4H2",C=CC1OC[CH]1
C5H7O(58)r1,2,0,"AMChI=1/C5H7O/c1-2-5-3-4-6-5/h2-3,5H,1,4H2/t5-/m1/s1",C5H7O(58),"InChI=1S/C5H7O/c1-2-5-3-4-6-5/h2-3,5H,1,4H2",C=CC1OC[CH]1
C5H6O2(83)rs0,1,0,"AMChI=1/C5H6O2/c6-3-1-4-2-5(3)7-4/h4-5H,1-2H2/t4-,5+/m0/s1",C5H6O2(83),"InChI=1S/C5H6O2/c6-4-1-3-2-5(4)7-3/h3,5H,1-2H2",O=C1C2OC(C2)C1
C5H6O2(83)rs1,1,0,"AMChI=1/C5H6O2/c6-3-1-4-2-5(3)7-4/h4-5H,1-2H2/t4-,5+/m1/s1",C5H6O2(83),"InChI=1S/C5H6O2/c6-4-1-3-2-5(4)7-3/h3,5H,1-2H2",O=C1C2OC(C2)C1
S(554)r0,2,0,"AMChI=1/C5H7O3/c1-4-2-5(8-6)3-7-4/h5H,1-3H2/t5-/m0/s1",S(554),"InChI=1S/C5H7O3/c1-4-2-5(8-6)3-7-4/h5H,1-3H2",[O]OC1CC(OC1)=C
S(554)r1,2,0,"AMChI=1/C5H7O3/c1-4-2-5(8-6)3-7-4/h5H,1-3H2/t5-/m1/s1",S(554),"InChI=1S/C5H7O3/c1-4-2-5(8-6)3-7-4/h5H,1-3H2",[O]OC1CC(OC1)=C
S(1293),2,0,"AMChI=1/C5H7O3/c6-1-4-2-5(3-4)8-7/h1,4-5H,2-3H2",S(1293),"InChI=1S/C5H7O3/c6-3-4-1-5(2-4)8-7/h3-5H,1-2H2",O=CC1CC(O[O])C1
S(648)z,2,0,"AMChI=1/C5H7O3/c1-2-3-4-5(6)8-7/h2-3,7H,1,4H2/b3-2-",S(648),"InChI=1S/C5H7O3/c1-2-3-4-5(6)8-7/h2-3,7H,1,4H2",OOC(=O)CC=C[CH2]
S(648)e,2,0,"AMChI=1/C5H7O3/c1-2-3-4-5(6)8-7/h2-3,7H,1,4H2/b3-2+",S(648),"InChI=1S/C5H7O3/c1-2-3-4-5(6)8-7/h2-3,7H,1,4H2",OOC(=O)CC=C[CH2]
C5H7O(69)r0,2,0,"AMChI=1/C5H7O/c1-4-5-3-2-6-5/h3,5H,4H2,1H3/t5-/m0/s1",C5H7O(69),"InChI=1S/C5H7O/c1-2-5-3-4-6-5/h3,5H,2H2,1H3",CCC1O[C]=C1
C5H7O(69)r1,2,0,"AMChI=1/C5H7O/c1-4-5-3-2-6-5/h3,5H,4H2,1H3/t5-/m1/s1",C5H7O(69),"InChI=1S/C5H7O/c1-2-5-3-4-6-5/h3,5H,2H2,1H3",CCC1O[C]=C1
C5H7O(558)r0,2,0,"AMChI=1/C5H7O/c1-3-5(2)4-6/h3-5H,1-2H2/t5-/m0/s1",C5H7O(558),"InChI=1S/C5H7O/c1-3-5(2)4-6/h3-5H,1-2H2",O=CC(C=C)[CH2]
C5H7O(558)r1,2,0,"AMChI=1/C5H7O/c1-3-5(2)4-6/h3-5H,1-2H2/t5-/m1/s1",C5H7O(558),"InChI=1S/C5H7O/c1-3-5(2)4-6/h3-5H,1-2H2",O=CC(C=C)[CH2]
C5H7O(174)r0,2,0,"AMChI=1/C5H7O/c6-2-5-1-3-4-5/h1-2,5H,3-4H2/t5-/m0/s1",C5H7O(174),"InChI=1S/C5H7O/c6-4-5-2-1-3-5/h2,4-5H,1,3H2",O=CC1CC[CH]1
C5H7O(174)r1,2,0,"AMChI=1/C5H7O/c6-2-5-1-3-4-5/h1-2,5H,3-4H2/t5-/m1/s1",C5H7O(174),"InChI=1S/C5H7O/c6-4-5-2-1-3-5/h2,4-5H,1,3H2",O=CC1CC[CH]1
C5H7O(124)rr0,2,0,"AMChI=1/C5H7O/c1-3-5-4(2)6-5/h3-5H,1-2H2/t4-,5-/m0/s1",C5H7O(124),"InChI=1S/C5H7O/c1-3-5-4(2)6-5/h3-5H,1-2H2",[CH2]C1OC1C=C
C5H7O(124)rs0,2,0,"AMChI=1/C5H7O/c1-3-5-4(2)6-5/h3-5H,1-2H2/t4-,5+/m0/s1",C5H7O(124),"InChI=1S/C5H7O/c1-3-5-4(2)6-5/h3-5H,1-2H2",[CH2]C1OC1C=C
C5H7O(124)rs1,2,0,"AMChI=1/C5H7O/c1-3-5-4(2)6-5/h3-5H,1-2H2/t4-,5+/m1/s1",C5H7O(124),"InChI=1S/C5H7O/c1-3-5-4(2)6-5/h3-5H,1-2H2",[CH2]C1OC1C=C
C5H7O(124)rr1,2,0,"AMChI=1/C5H7O/c1-3-5-4(2)6-5/h3-5H,1-2H2/t4-,5-/m1/s1",C5H7O(124),"InChI=1S/C5H7O/c1-3-5-4(2)6-5/h3-5H,1-2H2",[CH2]C1OC1C=C
C5H7O(112),2,0,"AMChI=1/C5H7O/c1-3-5(6)4-2/h3H,1-2,4H2",C5H7O(112),"InChI=1S/C5H7O/c1-3-5(6)4-2/h3H,1-2,4H2",O=C(C[CH2])C=C
C3H3O(65),2,0,AMChI=1/C3H3O/c1-2-4-3-1/h1-3H,C3H3O(65),InChI=1S/C3H3O/c1-2-4-3-1/h1-3H,O1[CH]C=C1
S(1463),2,0,"AMChI=1/C3H5O3/c4-1-2-3-6-5/h1H,2-3H2",S(1463),"InChI=1S/C3H5O3/c4-2-1-3-6-5/h2H,1,3H2",O=CCCO[O]
S(256)r0,2,0,"AMChI=1/C5H7O3/c1-2-5(8-6)3-4-7-5/h2H,1,3-4H2/t5-/m0/s1",S(256),"InChI=1S/C5H7O3/c1-2-5(8-6)3-4-7-5/h2H,1,3-4H2",[O]OC1(OCC1)C=C
S(256)r1,2,0,"AMChI=1/C5H7O3/c1-2-5(8-6)3-4-7-5/h2H,1,3-4H2/t5-/m1/s1",S(256),"InChI=1S/C5H7O3/c1-2-5(8-6)3-4-7-5/h2H,1,3-4H2",[O]OC1(OCC1)C=C
S(934)rs0,1,0,"AMChI=1/C5H6O2/c6-3-1-2-4-5(3)7-4/h4-5H,1-2H2/t4-,5+/m0/s1",S(934),"InChI=1S/C5H6O2/c6-3-1-2-4-5(3)7-4/h4-5H,1-2H2",O=C1C2OC2CC1
S(934)rs1,1,0,"AMChI=1/C5H6O2/c6-3-1-2-4-5(3)7-4/h4-5H,1-2H2/t4-,5+/m1/s1",S(934),"InChI=1S/C5H6O2/c6-3-1-2-4-5(3)7-4/h4-5H,1-2H2",O=C1C2OC2CC1
S(1488)r0,2,0,"AMChI=1/C5H7O3/c1-2-3-4-5(7)8-6/h1,5,7H,3-4H2/t5-/m0/s1",S(1488),"InChI=1S/C5H7O3/c1-2-3-4-5(6)8-7/h1,5-6H,3-4H2",OC(O[O])CCC#C
S(1488)r1,2,0,"AMChI=1/C5H7O3/c1-2-3-4-5(7)8-6/h1,5,7H,3-4H2/t5-/m1/s1",S(1488),"InChI=1S/C5H7O3/c1-2-3-4-5(6)8-7/h1,5-6H,3-4H2",OC(O[O])CCC#C
S(1334)r0,2,0,"AMChI=1/C5H7O3/c1-5-3-2-4(7-5)8-6/h2,5H,3H2,1H3/t5-/m0/s1",S(1334),"InChI=1S/C5H7O3/c1-4-2-3-5(7-4)8-6/h3-4H,2H2,1H3",[O]OC=1OC(CC=1)C
S(1334)r1,2,0,"AMChI=1/C5H7O3/c1-5-3-2-4(7-5)8-6/h2,5H,3H2,1H3/t5-/m1/s1",S(1334),"InChI=1S/C5H7O3/c1-4-2-3-5(7-4)8-6/h3-4H,2H2,1H3",[O]OC=1OC(CC=1)C
S(445)z,2,0,"AMChI=1/C5H7O3/c6-3-5-4-1-2-8-7/h1-3H,4-5H2/b2-1-",S(445),"InChI=1S/C5H7O3/c6-4-2-1-3-5-8-7/h3-5H,1-2H2",O=CCCC=CO[O]
S(445)e,2,0,"AMChI=1/C5H7O3/c6-3-5-4-1-2-8-7/h1-3H,4-5H2/b2-1+",S(445),"InChI=1S/C5H7O3/c6-4-2-1-3-5-8-7/h3-5H,1-2H2",O=CCCC=CO[O]
S(120)r0,2,0,"AMChI=1/C5H7O3/c6-4-1-5(8-7)3-2-4/h1,5,7H,2-3H2/t5-/m0/s1",S(120),"InChI=1S/C5H7O3/c6-4-1-2-5(3-4)8-7/h3,5,7H,1-2H2",OOC1CCC(=O)[CH]1
S(120)r1,2,0,"AMChI=1/C5H7O3/c6-4-1-5(8-7)3-2-4/h1,5,7H,2-3H2/t5-/m1/s1",S(120),"InChI=1S/C5H7O3/c6-4-1-2-5(3-4)8-7/h3,5,7H,1-2H2",OOC1CCC(=O)[CH]1
C5H7O(176)r0,2,0,"AMChI=1/C5H7O/c1-2-5-4(1)3-6-5/h5H,1-3H2/t5-/m0/s1",C5H7O(176),"InChI=1S/C5H7O/c1-2-5-4(1)3-6-5/h5H,1-3H2",O1C2CC[C]2C1
C5H7O(176)r1,2,0,"AMChI=1/C5H7O/c1-2-5-4(1)3-6-5/h5H,1-3H2/t5-/m1/s1",C5H7O(176),"InChI=1S/C5H7O/c1-2-5-4(1)3-6-5/h5H,1-3H2",O1C2CC[C]2C1
S(1699)z,2,0,"AMChI=1/C5H7O3/c1-2-3-4-5(6)8-7/h2-3H,4H2,1H3/b3-2-",S(1699),"InChI=1S/C5H7O3/c1-2-3-4-5(6)8-7/h2-3H,4H2,1H3",O=C(O[O])CC=CC
S(1699)e,2,0,"AMChI=1/C5H7O3/c1-2-3-4-5(6)8-7/h2-3H,4H2,1H3/b3-2+",S(1699),"InChI=1S/C5H7O3/c1-2-3-4-5(6)8-7/h2-3H,4H2,1H3",O=C(O[O])CC=CC
S(1698)r0,2,0,"AMChI=1/C5H7O/c1-2-5-3-4(5)6/h2,5H,3H2,1H3/t5-/m0/s1",S(1698),"InChI=1S/C5H7O/c1-2-4-3-5(4)6/h2,4H,3H2,1H3",O=C1C(C1)[CH]C
S(1698)r1,2,0,"AMChI=1/C5H7O/c1-2-5-3-4(5)6/h2,5H,3H2,1H3/t5-/m1/s1",S(1698),"InChI=1S/C5H7O/c1-2-4-3-5(4)6/h2,4H,3H2,1H3",O=C1C(C1)[CH]C
S(575)rr0,2,0,"AMChI=1/C5H7O3/c6-4-2-1-3-5(4)8-7-3/h4-6H,1-2H2/t4-,5-/m0/s1",S(575),"InChI=1S/C5H7O3/c6-3-1-2-4-5(3)8-7-4/h3,5-6H,1-2H2",OC1C2OO[C]2CC1
S(575)rs0,2,0,"AMChI=1/C5H7O3/c6-4-2-1-3-5(4)8-7-3/h4-6H,1-2H2/t4-,5+/m0/s1",S(575),"InChI=1S/C5H7O3/c6-3-1-2-4-5(3)8-7-4/h3,5-6H,1-2H2",OC1C2OO[C]2CC1
S(575)rs1,2,0,"AMChI=1/C5H7O3/c6-4-2-1-3-5(4)8-7-3/h4-6H,1-2H2/t4-,5+/m1/s1",S(575),"InChI=1S/C5H7O3/c6-3-1-2-4-5(3)8-7-4/h3,5-6H,1-2H2",OC1C2OO[C]2CC1
S(575)rr1,2,0,"AMChI=1/C5H7O3/c6-4-2-1-3-5(4)8-7-3/h4-6H,1-2H2/t4-,5-/m1/s1",S(575),"InChI=1S/C5H7O3/c6-3-1-2-4-5(3)8-7-4/h3,5-6H,1-2H2",OC1C2OO[C]2CC1
S(217)z,2,0,"AMChI=1/C5H7O3/c6-8-2-5-4-3-1-7-5/h1-2,6H,3-4H2/b5-2-",S(217),"InChI=1S/C5H7O3/c6-8-4-5-2-1-3-7-5/h3-4,6H,1-2H2",OOC=C1O[CH]CC1
S(217)e,2,0,"AMChI=1/C5H7O3/c6-8-2-5-4-3-1-7-5/h1-2,6H,3-4H2/b5-2+",S(217),"InChI=1S/C5H7O3/c6-8-4-5-2-1-3-7-5/h3-4,6H,1-2H2",OOC=C1O[CH]CC1
S(525)rs0,1,0,"AMChI=1/C5H6O2/c1-3-4-2-5(7-4)6-3/h4-5H,1-2H2/t4-,5+/m0/s1",S(525),"InChI=1S/C5H6O2/c1-3-4-2-5(6-3)7-4/h4-5H,1-2H2",C=C1OC2OC1C2
S(525)rs1,1,0,"AMChI=1/C5H6O2/c1-3-4-2-5(7-4)6-3/h4-5H,1-2H2/t4-,5+/m1/s1",S(525),"InChI=1S/C5H6O2/c1-3-4-2-5(6-3)7-4/h4-5H,1-2H2",C=C1OC2OC1C2
C5H8O(365),1,0,"AMChI=1/C5H8O/c1-2-4-5-3-6/h2-3H,1,4-5H2",C5H8O(365),"InChI=1S/C5H8O/c1-2-3-4-5-6/h2,5H,1,3-4H2",O=CCCC=C
S(343)r0,2,0,"AMChI=1/C5H7O3/c1-4-5(8-6)3-2-7-4/h2,5-6H,1,3H2/t5-/m0/s1",S(343),"InChI=1S/C5H7O3/c1-4-5(8-6)2-3-7-4/h3,5-6H,1-2H2",OOC1C[CH]OC1=C
S(343)r1,2,0,"AMChI=1/C5H7O3/c1-4-5(8-6)3-2-7-4/h2,5-6H,1,3H2/t5-/m1/s1",S(343),"InChI=1S/C5H7O3/c1-4-5(8-6)2-3-7-4/h3,5-6H,1-2H2",OOC1C[CH]OC1=C
C5H8O(380)z,1,0,"AMChI=1/C5H8O/c1-5-3-2-4-6/h2-4H,5H2,1H3/b3-2-",C5H8O(380),"InChI=1S/C5H8O/c1-2-3-4-5-6/h3-5H,2H2,1H3",O=CC=CCC
C5H8O(380)e,1,0,"AMChI=1/C5H8O/c1-5-3-2-4-6/h2-4H,5H2,1H3/b3-2+",C5H8O(380),"InChI=1S/C5H8O/c1-2-3-4-5-6/h3-5H,2H2,1H3",O=CC=CCC
C5H7O(401)z,2,0,"AMChI=1/C5H7O/c6-2-1-5-3-4-5/h1-2,6H,3-4H2/b2-1-",C5H7O(401),"InChI=1S/C5H7O/c6-4-3-5-1-2-5/h3-4,6H,1-2H2",O[CH]C=C1CC1
C5H7O(401)e,2,0,"AMChI=1/C5H7O/c6-2-1-5-3-4-5/h1-2,6H,3-4H2/b2-1+",C5H7O(401),"InChI=1S/C5H7O/c6-4-3-5-1-2-5/h3-4,6H,1-2H2",O[CH]C=C1CC1
C5H7O(418)r0,2,0,"AMChI=1/C5H7O/c1-2-4-5-3-6-5/h2-3,5H,1,4H2/t5-/m0/s1",C5H7O(418),"InChI=1S/C5H7O/c1-2-3-5-4-6-5/h2,4-5H,1,3H2",C=CCC1O[CH]1
C5H7O(418)r1,2,0,"AMChI=1/C5H7O/c1-2-4-5-3-6-5/h2-3,5H,1,4H2/t5-/m1/s1",C5H7O(418),"InChI=1S/C5H7O/c1-2-3-5-4-6-5/h2,4-5H,1,3H2",C=CCC1O[CH]1
C5H7O(223)zz,2,0,"AMChI=1/C5H7O/c1-2-5-3-4-6/h1-4,6H,5H2/b2-1-,4-3-",C5H7O(223),"InChI=1S/C5H7O/c1-2-3-4-5-6/h1-2,4-6H,3H2",OC=CCC=[CH]
C5H7O(223)ze,2,0,"AMChI=1/C5H7O/c1-2-5-3-4-6/h1-4,6H,5H2/b2-1-,4-3+",C5H7O(223),"InChI=1S/C5H7O/c1-2-3-4-5-6/h1-2,4-6H,3H2",OC=CCC=[CH]
C5H7O(223)ez,2,0,"AMChI=1/C5H7O/c1-2-5-3-4-6/h1-4,6H,5H2/b2-1+,4-3-",C5H7O(223),"InChI=1S/C5H7O/c1-2-3-4-5-6/h1-2,4-6H,3H2",OC=CCC=[CH]
C5H7O(223)ee,2,0,"AMChI=1/C5H7O/c1-2-5-3-4-6/h1-4,6H,5H2/b2-1+,4-3+",C5H7O(223),"InChI=1S/C5H7O/c1-2-3-4-5-6/h1-2,4-6H,3H2",OC=CCC=[CH]
C5H7O(213)z,2,0,"AMChI=1/C5H7O/c1-3-4-5(2)6/h1,3H,4H2,2H3/b3-1-",C5H7O(213),"InChI=1S/C5H7O/c1-3-4-5(2)6/h1,3H,4H2,2H3",O=C(CC=[CH])C
C5H7O(213)e,2,0,"AMChI=1/C5H7O/c1-3-4-5(2)6/h1,3H,4H2,2H3/b3-1+",C5H7O(213),"InChI=1S/C5H7O/c1-3-4-5(2)6/h1,3H,4H2,2H3",O=C(CC=[CH])C
S(479)r0,2,0,"AMChI=1/C5H7O3/c1-3-5(8-7)4-2-6/h3,5,7H,1,4H2/t5-/m0/s1",S(479),"InChI=1S/C5H7O3/c1-2-5(8-7)3-4-6/h2,5,7H,1,3H2",OOC(C[C]=O)C=C
S(479)r1,2,0,"AMChI=1/C5H7O3/c1-3-5(8-7)4-2-6/h3,5,7H,1,4H2/t5-/m1/s1",S(479),"InChI=1S/C5H7O3/c1-2-5(8-7)3-4-6/h2,5,7H,1,3H2",OOC(C[C]=O)C=C
C5H7O3(86)rrs0,2,0,"AMChI=1/C5H7O3/c6-8-5-2-3-1-4(5)7-3/h1,3-6H,2H2/t3-,4-,5+/m0/s1",C5H7O3(86),"InChI=1S/C5H7O3/c6-8-5-2-3-1-4(5)7-3/h1,3-6H,2H2",OOC1C2OC(C1)[CH]2
C5H7O3(86)rsr0,2,0,"AMChI=1/C5H7O3/c6-8-5-2-3-1-4(5)7-3/h1,3-6H,2H2/t3-,4+,5-/m0/s1",C5H7O3(86),"InChI=1S/C5H7O3/c6-8-5-2-3-1-4(5)7-3/h1,3-6H,2H2",OOC1C2OC(C1)[CH]2
C5H7O3(86)rss0,2,0,"AMChI=1/C5H7O3/c6-8-5-2-3-1-4(5)7-3/h1,3-6H,2H2/t3-,4+,5+/m0/s1",C5H7O3(86),"InChI=1S/C5H7O3/c6-8-5-2-3-1-4(5)7-3/h1,3-6H,2H2",OOC1C2OC(C1)[CH]2
C5H7O3(86)rss1,2,0,"AMChI=1/C5H7O3/c6-8-5-2-3-1-4(5)7-3/h1,3-6H,2H2/t3-,4+,5+/m1/s1",C5H7O3(86),"InChI=1S/C5H7O3/c6-8-5-2-3-1-4(5)7-3/h1,3-6H,2H2",OOC1C2OC(C1)[CH]2
C5H7O3(86)rsr1,2,0,"AMChI=1/C5H7O3/c6-8-5-2-3-1-4(5)7-3/h1,3-6H,2H2/t3-,4+,5-/m1/s1",C5H7O3(86),"InChI=1S/C5H7O3/c6-8-5-2-3-1-4(5)7-3/h1,3-6H,2H2",OOC1C2OC(C1)[CH]2
C5H7O3(86)rrr1,2,0,"AMChI=1/C5H7O3/c6-8-5-2-3-1-4(5)7-3/h1,3-6H,2H2/t3-,4-,5-/m1/s1",C5H7O3(86),"InChI=1S/C5H7O3/c6-8-5-2-3-1-4(5)7-3/h1,3-6H,2H2",OOC1C2OC(C1)[CH]2
C5H7O3(90)rrs0,2,0,"AMChI=1/C5H7O3/c6-8-5-3-1-2-4(5)7-3/h1,3-6H,2H2/t3-,4-,5+/m0/s1",C5H7O3(90),"InChI=1S/C5H7O3/c6-8-5-3-1-2-4(5)7-3/h1,3-6H,2H2",OOC1C2OC1[CH]C2
C5H7O3(90)rsr0,2,0,"AMChI=1/C5H7O3/c6-8-5-3-1-2-4(5)7-3/h1,3-6H,2H2/t3-,4+,5-/m0/s1",C5H7O3(90),"InChI=1S/C5H7O3/c6-8-5-3-1-2-4(5)7-3/h1,3-6H,2H2",OOC1C2OC1[CH]C2
C5H7O3(90)rss0,2,0,"AMChI=1/C5H7O3/c6-8-5-3-1-2-4(5)7-3/h1,3-6H,2H2/t3-,4+,5+/m0/s1",C5H7O3(90),"InChI=1S/C5H7O3/c6-8-5-3-1-2-4(5)7-3/h1,3-6H,2H2",OOC1C2OC1[CH]C2
C5H7O3(90)rss1,2,0,"AMChI=1/C5H7O3/c6-8-5-3-1-2-4(5)7-3/h1,3-6H,2H2/t3-,4+,5+/m1/s1",C5H7O3(90),"InChI=1S/C5H7O3/c6-8-5-3-1-2-4(5)7-3/h1,3-6H,2H2",OOC1C2OC1[CH]C2
C5H7O3(90)rsr1,2,0,"AMChI=1/C5H7O3/c6-8-5-3-1-2-4(5)7-3/h1,3-6H,2H2/t3-,4+,5-/m1/s1",C5H7O3(90),"InChI=1S/C5H7O3/c6-8-5-3-1-2-4(5)7-3/h1,3-6H,2H2",OOC1C2OC1[CH]C2
C5H7O3(90)rrr1,2,0,"AMChI=1/C5H7O3/c6-8-5-3-1-2-4(5)7-3/h1,3-6H,2H2/t3-,4-,5-/m1/s1",C5H7O3(90),"InChI=1S/C5H7O3/c6-8-5-3-1-2-4(5)7-3/h1,3-6H,2H2",OOC1C2OC1[CH]C2
S(135)zr0,2,0,"AMChI=1/C5H7O3/c1-4-2-3-5(7-4)8-6/h1,5-6H,2-3H2/b4-1-/t5-/m0/s1",S(135),"InChI=1S/C5H7O3/c1-4-2-3-5(7-4)8-6/h1,5-6H,2-3H2",OOC1OC(CC1)=[CH]
S(135)er0,2,0,"AMChI=1/C5H7O3/c1-4-2-3-5(7-4)8-6/h1,5-6H,2-3H2/b4-1+/t5-/m0/s1",S(135),"InChI=1S/C5H7O3/c1-4-2-3-5(7-4)8-6/h1,5-6H,2-3H2",OOC1OC(CC1)=[CH]
S(135)zr1,2,0,"AMChI=1/C5H7O3/c1-4-2-3-5(7-4)8-6/h1,5-6H,2-3H2/b4-1-/t5-/m1/s1",S(135),"InChI=1S/C5H7O3/c1-4-2-3-5(7-4)8-6/h1,5-6H,2-3H2",OOC1OC(CC1)=[CH]
S(135)er1,2,0,"AMChI=1/C5H7O3/c1-4-2-3-5(7-4)8-6/h1,5-6H,2-3H2/b4-1+/t5-/m1/s1",S(135),"InChI=1S/C5H7O3/c1-4-2-3-5(7-4)8-6/h1,5-6H,2-3H2",OOC1OC(CC1)=[CH]
C5H7O(107)r0,2,0,"AMChI=1/C5H7O/c1-2-4-5(6-4)3-1/h5H,1-3H2/t5-/m0/s1",C5H7O(107),"InChI=1S/C5H7O/c1-2-4-5(3-1)6-4/h4H,1-3H2",O1C2CCC[C]12
C5H7O(107)r1,2,0,"AMChI=1/C5H7O/c1-2-4-5(6-4)3-1/h5H,1-3H2/t5-/m1/s1",C5H7O(107),"InChI=1S/C5H7O/c1-2-4-5(3-1)6-4/h4H,1-3H2",O1C2CCC[C]12
S(724)zr0,2,0,"AMChI=1/C5H7O3/c1-2-3-4-5(7)8-6/h2-5,7H,1H2/b4-3-/t5-/m0/s1",S(724),"InChI=1S/C5H7O3/c1-2-3-4-5(6)8-7/h2-6H,1H2",OC(O[O])C=CC=C
S(724)er0,2,0,"AMChI=1/C5H7O3/c1-2-3-4-5(7)8-6/h2-5,7H,1H2/b4-3+/t5-/m0/s1",S(724),"InChI=1S/C5H7O3/c1-2-3-4-5(6)8-7/h2-6H,1H2",OC(O[O])C=CC=C
S(724)zr1,2,0,"AMChI=1/C5H7O3/c1-2-3-4-5(7)8-6/h2-5,7H,1H2/b4-3-/t5-/m1/s1",S(724),"InChI=1S/C5H7O3/c1-2-3-4-5(6)8-7/h2-6H,1H2",OC(O[O])C=CC=C
S(724)er1,2,0,"AMChI=1/C5H7O3/c1-2-3-4-5(7)8-6/h2-5,7H,1H2/b4-3+/t5-/m1/s1",S(724),"InChI=1S/C5H7O3/c1-2-3-4-5(6)8-7/h2-6H,1H2",OC(O[O])C=CC=C
S(723)zr0,2,0,"AMChI=1/C5H7O3/c1-2-5(8-6)3-4-7/h2-5,7H,1H2/b4-3-/t5-/m0/s1",S(723),"InChI=1S/C5H7O3/c1-2-5(8-7)3-4-6/h2-6H,1H2",OC=CC(O[O])C=C
S(723)er0,2,0,"AMChI=1/C5H7O3/c1-2-5(8-6)3-4-7/h2-5,7H,1H2/b4-3+/t5-/m0/s1",S(723),"InChI=1S/C5H7O3/c1-2-5(8-7)3-4-6/h2-6H,1H2",OC=CC(O[O])C=C
S(723)zr1,2,0,"AMChI=1/C5H7O3/c1-2-5(8-6)3-4-7/h2-5,7H,1H2/b4-3-/t5-/m1/s1",S(723),"InChI=1S/C5H7O3/c1-2-5(8-7)3-4-6/h2-6H,1H2",OC=CC(O[O])C=C
S(723)er1,2,0,"AMChI=1/C5H7O3/c1-2-5(8-6)3-4-7/h2-5,7H,1H2/b4-3+/t5-/m1/s1",S(723),"InChI=1S/C5H7O3/c1-2-5(8-7)3-4-6/h2-6H,1H2",OC=CC(O[O])C=C
S(574)rr0,2,0,"AMChI=1/C5H7O3/c6-4-1-2-5(3-4)8-7/h1-2,4-5,7H,3H2/t4-,5-/m0/s1",S(574),"InChI=1S/C5H7O3/c6-4-1-2-5(3-4)8-7/h1-2,4-5,7H,3H2",OOC1CC([O])C=C1
S(574)rs0,2,0,"AMChI=1/C5H7O3/c6-4-1-2-5(3-4)8-7/h1-2,4-5,7H,3H2/t4-,5+/m0/s1",S(574),"InChI=1S/C5H7O3/c6-4-1-2-5(3-4)8-7/h1-2,4-5,7H,3H2",OOC1CC([O])C=C1
S(574)rs1,2,0,"AMChI=1/C5H7O3/c6-4-1-2-5(3-4)8-7/h1-2,4-5,7H,3H2/t4-,5+/m1/s1",S(574),"InChI=1S/C5H7O3/c6-4-1-2-5(3-4)8-7/h1-2,4-5,7H,3H2",OOC1CC([O])C=C1
S(574)rr1,2,0,"AMChI=1/C5H7O3/c6-4-1-2-5(3-4)8-7/h1-2,4-5,7H,3H2/t4-,5-/m1/s1",S(574),"InChI=1S/C5H7O3/c6-4-1-2-5(3-4)8-7/h1-2,4-5,7H,3H2",OOC1CC([O])C=C1
C5H7O(239)r0,2,0,"AMChI=1/C5H7O/c1-3-5-4(2)6-5/h5H,1-3H2/t5-/m0/s1",C5H7O(239),"InChI=1S/C5H7O/c1-3-5-4(2)6-5/h5H,1-3H2",[CH2]CC1OC1=C
C5H7O(239)r1,2,0,"AMChI=1/C5H7O/c1-3-5-4(2)6-5/h5H,1-3H2/t5-/m1/s1",C5H7O(239),"InChI=1S/C5H7O/c1-3-5-4(2)6-5/h5H,1-3H2",[CH2]CC1OC1=C
S(1741)rr0,2,0,"AMChI=1/C5H7O3/c6-1-4-2-3-5(4)8-7/h1,4-5H,2-3H2/t4-,5-/m0/s1",S(1741),"InChI=1S/C5H7O3/c6-3-4-1-2-5(4)8-7/h3-5H,1-2H2",O=CC1C(O[O])CC1
S(1741)rs0,2,0,"AMChI=1/C5H7O3/c6-1-4-2-3-5(4)8-7/h1,4-5H,2-3H2/t4-,5+/m0/s1",S(1741),"InChI=1S/C5H7O3/c6-3-4-1-2-5(4)8-7/h3-5H,1-2H2",O=CC1C(O[O])CC1
S(1741)rs1,2,0,"AMChI=1/C5H7O3/c6-1-4-2-3-5(4)8-7/h1,4-5H,2-3H2/t4-,5+/m1/s1",S(1741),"InChI=1S/C5H7O3/c6-3-4-1-2-5(4)8-7/h3-5H,1-2H2",O=CC1C(O[O])CC1
S(1741)rr1,2,0,"AMChI=1/C5H7O3/c6-1-4-2-3-5(4)8-7/h1,4-5H,2-3H2/t4-,5-/m1/s1",S(1741),"InChI=1S/C5H7O3/c6-3-4-1-2-5(4)8-7/h3-5H,1-2H2",O=CC1C(O[O])CC1
S(1702),2,0,"AMChI=1/C5H7O/c1-3-5(6)4-2/h3-5H,1-2H2",S(1702),"InChI=1S/C5H7O/c1-3-5(6)4-2/h3-5H,1-2H2",[O]C(C=C)C=C
S(1812)zz,2,0,"AMChI=1/C5H7O3/c6-3-1-5-2-4-8-7/h1-4,7H,5H2/b3-1-,4-2-",S(1812),"InChI=1S/C5H7O3/c6-4-2-1-3-5-8-7/h2-5,7H,1H2",OOC=CC[CH]C=O
S(1812)ze,2,0,"AMChI=1/C5H7O3/c6-3-1-5-2-4-8-7/h1-4,7H,5H2/b3-1-,4-2+",S(1812),"InChI=1S/C5H7O3/c6-4-2-1-3-5-8-7/h2-5,7H,1H2",OOC=CC[CH]C=O
S(1812)ez,2,0,"AMChI=1/C5H7O3/c6-3-1-5-2-4-8-7/h1-4,7H,5H2/b3-1+,4-2-",S(1812),"InChI=1S/C5H7O3/c6-4-2-1-3-5-8-7/h2-5,7H,1H2",OOC=CC[CH]C=O
S(1812)ee,2,0,"AMChI=1/C5H7O3/c6-3-1-5-2-4-8-7/h1-4,7H,5H2/b3-1+,4-2+",S(1812),"InChI=1S/C5H7O3/c6-4-2-1-3-5-8-7/h2-5,7H,1H2",OOC=CC[CH]C=O
S(392)z,1,0,"AMChI=1/C5H6O2/c6-3-1-2-5-4-7/h1-4H,5H2/b2-1-",S(392),"InChI=1S/C5H6O2/c6-4-2-1-3-5-7/h1-2,4-5H,3H2",O=CCC=CC=O
S(392)e,1,0,"AMChI=1/C5H6O2/c6-3-1-2-5-4-7/h1-4H,5H2/b2-1+",S(392),"InChI=1S/C5H6O2/c6-4-2-1-3-5-7/h1-2,4-5H,3H2",O=CCC=CC=O
S(1809),2,0,"AMChI=1/C5H7O3/c6-2-4-3-1-5-7-8-5/h1-2,5H,3-4H2",S(1809),"InChI=1S/C5H7O3/c6-4-2-1-3-5-7-8-5/h3-5H,1-2H2",O=CCC[CH]C1OO1
S(356)r0,2,0,"AMChI=1/C5H7O3/c1-4-5(8-6)2-3-7-5/h2-3H,4H2,1H3/t5-/m0/s1",S(356),"InChI=1S/C5H7O3/c1-2-5(8-6)3-4-7-5/h3-4H,2H2,1H3",[O]OC1(OC=C1)CC
S(356)r1,2,0,"AMChI=1/C5H7O3/c1-4-5(8-6)2-3-7-5/h2-3H,4H2,1H3/t5-/m1/s1",S(356),"InChI=1S/C5H7O3/c1-2-5(8-6)3-4-7-5/h3-4H,2H2,1H3",[O]OC1(OC=C1)CC
S(355)r0,2,0,"AMChI=1/C5H7O3/c1-3-4-2-5(7-4)8-6/h2,5H,3H2,1H3/t5-/m0/s1",S(355),"InChI=1S/C5H7O3/c1-2-4-3-5(7-4)8-6/h3,5H,2H2,1H3",[O]OC1OC(CC)=C1
S(355)r1,2,0,"AMChI=1/C5H7O3/c1-3-4-2-5(7-4)8-6/h2,5H,3H2,1H3/t5-/m1/s1",S(355),"InChI=1S/C5H7O3/c1-2-4-3-5(7-4)8-6/h3,5H,2H2,1H3",[O]OC1OC(CC)=C1
S(1128)z,2,0,AMChI=1/C3H3O3/c4-2-1-3-6-5/h1-3H/b3-1-,S(1128),InChI=1S/C3H3O3/c4-2-1-3-6-5/h1-3H,O=CC=CO[O]
S(1128)e,2,0,AMChI=1/C3H3O3/c4-2-1-3-6-5/h1-3H/b3-1+,S(1128),InChI=1S/C3H3O3/c4-2-1-3-6-5/h1-3H,O=CC=CO[O]
C3H4O(424),1,0,"AMChI=1/C3H4O/c1-2-3-4/h2-3H,1H2",C3H4O(424),"InChI=1S/C3H4O/c1-2-3-4/h2-3H,1H2",O=CC=C
C2H3(425),2,0,"AMChI=1/C2H3/c1-2/h1H,2H2",C2H3(425),"InChI=1S/C2H3/c1-2/h1H,2H2",C=[CH]
S(1892)r0,2,0,"AMChI=1/C5H7O3/c6-8-5(7)1-4-2-3-4/h1,5,7H,2-3H2/t5-/m0/s1",S(1892),"InChI=1S/C5H7O3/c6-5(8-7)3-4-1-2-4/h3,5-6H,1-2H2",OC(O[O])C=C1CC1
S(1892)r1,2,0,"AMChI=1/C5H7O3/c6-8-5(7)1-4-2-3-4/h1,5,7H,2-3H2/t5-/m1/s1",S(1892),"InChI=1S/C5H7O3/c6-5(8-7)3-4-1-2-4/h3,5-6H,1-2H2",OC(O[O])C=C1CC1
S(1891)z,2,0,"AMChI=1/C5H7O3/c6-8-5(1-2-7)3-4-5/h1-2,7H,3-4H2/b2-1-",S(1891),"InChI=1S/C5H7O3/c6-4-3-5(8-7)1-2-5/h3-4,6H,1-2H2",OC=CC1(O[O])CC1
S(1891)e,2,0,"AMChI=1/C5H7O3/c6-8-5(1-2-7)3-4-5/h1-2,7H,3-4H2/b2-1+",S(1891),"InChI=1S/C5H7O3/c6-4-3-5(8-7)1-2-5/h3-4,6H,1-2H2",OC=CC1(O[O])CC1
S(630)rr0,2,0,"AMChI=1/C5H7O3/c6-4-2-1-3-5(4)8-7/h1-2,4-5,7H,3H2/t4-,5-/m0/s1",S(630),"InChI=1S/C5H7O3/c6-4-2-1-3-5(4)8-7/h1-2,4-5,7H,3H2",OOC1C([O])C=CC1
S(630)rs0,2,0,"AMChI=1/C5H7O3/c6-4-2-1-3-5(4)8-7/h1-2,4-5,7H,3H2/t4-,5+/m0/s1",S(630),"InChI=1S/C5H7O3/c6-4-2-1-3-5(4)8-7/h1-2,4-5,7H,3H2",OOC1C([O])C=CC1
S(630)rs1,2,0,"AMChI=1/C5H7O3/c6-4-2-1-3-5(4)8-7/h1-2,4-5,7H,3H2/t4-,5+/m1/s1",S(630),"InChI=1S/C5H7O3/c6-4-2-1-3-5(4)8-7/h1-2,4-5,7H,3H2",OOC1C([O])C=CC1
S(630)rr1,2,0,"AMChI=1/C5H7O3/c6-4-2-1-3-5(4)8-7/h1-2,4-5,7H,3H2/t4-,5-/m1/s1",S(630),"InChI=1S/C5H7O3/c6-4-2-1-3-5(4)8-7/h1-2,4-5,7H,3H2",OOC1C([O])C=CC1
C5H7O(224)zr0,2,0,"AMChI=1/C5H7O/c1-3-5(6)4-2/h1,3-6H,2H2/b3-1-/t5-/m0/s1",C5H7O(224),"InChI=1S/C5H7O/c1-3-5(6)4-2/h1,3-6H,2H2",OC(C=C)C=[CH]
C5H7O(224)er0,2,0,"AMChI=1/C5H7O/c1-3-5(6)4-2/h1,3-6H,2H2/b3-1+/t5-/m0/s1",C5H7O(224),"InChI=1S/C5H7O/c1-3-5(6)4-2/h1,3-6H,2H2",OC(C=C)C=[CH]
C5H7O(224)zr1,2,0,"AMChI=1/C5H7O/c1-3-5(6)4-2/h1,3-6H,2H2/b3-1-/t5-/m1/s1",C5H7O(224),"InChI=1S/C5H7O/c1-3-5(6)4-2/h1,3-6H,2H2",OC(C=C)C=[CH]
C5H7O(224)er1,2,0,"AMChI=1/C5H7O/c1-3-5(6)4-2/h1,3-6H,2H2/b3-1+/t5-/m1/s1",C5H7O(224),"InChI=1S/C5H7O/c1-3-5(6)4-2/h1,3-6H,2H2",OC(C=C)C=[CH]
S(1149)r0,2,0,"AMChI=1/C5H7O3/c1-5-2-4(8-6)3-7-5/h2-3,5-6H,1H3/t5-/m0/s1",S(1149),"InChI=1S/C5H7O3/c1-4-2-5(8-6)3-7-4/h2-4,6H,1H3",OOC1=CC(O[CH]1)C
S(1149)r1,2,0,"AMChI=1/C5H7O3/c1-5-2-4(8-6)3-7-5/h2-3,5-6H,1H3/t5-/m1/s1",S(1149),"InChI=1S/C5H7O3/c1-4-2-5(8-6)3-7-4/h2-4,6H,1H3",OOC1=CC(O[CH]1)C
C5H7O(431),2,0,"AMChI=1/C5H7O/c1-2-5-6-3-4-1/h1-3H,4-5H2",C5H7O(431),"InChI=1S/C5H7O/c1-2-4-6-5-3-1/h1-2,5H,3-4H2",O1CC=CC[CH]1
C5H8O(460)z,1,0,"AMChI=1/C5H8O/c1-3-6-5-4-2/h3-5H,1H2,2H3/b5-4-",C5H8O(460),"InChI=1S/C5H8O/c1-3-5-6-4-2/h3-5H,2H2,1H3",CC=COC=C
C5H8O(460)e,1,0,"AMChI=1/C5H8O/c1-3-6-5-4-2/h3-5H,1H2,2H3/b5-4+",C5H8O(460),"InChI=1S/C5H8O/c1-3-5-6-4-2/h3-5H,2H2,1H3",CC=COC=C
C5H8O(459),1,0,"AMChI=1/C5H8O/c1-3-5-6-4-2/h3-4H,1-2,5H2",C5H8O(459),"InChI=1S/C5H8O/c1-3-5-6-4-2/h3-4H,1-2,5H2",C=CCOC=C
C5H7O(422)z,2,0,"AMChI=1/C5H7O/c1-2-5-3-4-6/h3-4,6H,1,5H2/b4-3-",C5H7O(422),"InChI=1S/C5H7O/c1-2-3-4-5-6/h4-6H,1,3H2",OC=CC[C]=C
C5H7O(422)e,2,0,"AMChI=1/C5H7O/c1-2-5-3-4-6/h3-4,6H,1,5H2/b4-3+",C5H7O(422),"InChI=1S/C5H7O/c1-2-3-4-5-6/h4-6H,1,3H2",OC=CC[C]=C
C5H6O(225),1,0,"AMChI=1/C5H6O/c6-5-2-1-4-3-5/h1-3,6H,4H2",C5H6O(225),"InChI=1S/C5H6O/c6-5-3-1-2-4-5/h1,3-4,6H,2H2",OC1=CCC=C1
C5H7O(201),2,0,"AMChI=1/C5H7O/c1-4-2-5(1)3-6-4/h5H,1-3H2",C5H7O(201),"InChI=1S/C5H7O/c1-4-2-5(1)6-3-4/h4H,1-3H2",O1CC2C[C]1C2
C5H7O3(81)rr0,2,0,"AMChI=1/C5H7O3/c6-8-5-2-1-4(7-5)3-5/h1,4,6H,2-3H2/t4-,5-/m0/s1",C5H7O3(81),"InChI=1S/C5H7O3/c6-8-5-2-1-4(3-5)7-5/h1,4,6H,2-3H2",OOC12OC(C1)[CH]C2
C5H7O3(81)rs1,2,0,"AMChI=1/C5H7O3/c6-8-5-2-1-4(7-5)3-5/h1,4,6H,2-3H2/t4-,5+/m1/s1",C5H7O3(81),"InChI=1S/C5H7O3/c6-8-5-2-1-4(3-5)7-5/h1,4,6H,2-3H2",OOC12OC(C1)[CH]C2
C5H7O3(81)rr1,2,0,"AMChI=1/C5H7O3/c6-8-5-2-1-4(7-5)3-5/h1,4,6H,2-3H2/t4-,5-/m1/s1",C5H7O3(81),"InChI=1S/C5H7O3/c6-8-5-2-1-4(3-5)7-5/h1,4,6H,2-3H2",OOC12OC(C1)[CH]C2
C5H8O(97)r0,1,0,"AMChI=1/C5H8O/c1-2-5-3-4-6-5/h2,5H,1,3-4H2/t5-/m0/s1",C5H8O(97),"InChI=1S/C5H8O/c1-2-5-3-4-6-5/h2,5H,1,3-4H2",C=CC1OCC1
C5H8O(97)r1,1,0,"AMChI=1/C5H8O/c1-2-5-3-4-6-5/h2,5H,1,3-4H2/t5-/m1/s1",C5H8O(97),"InChI=1S/C5H8O/c1-2-5-3-4-6-5/h2,5H,1,3-4H2",C=CC1OCC1
S(1268)zr0,2,0,"AMChI=1/C5H7O/c1-4-2-3-5(4)6/h1,5-6H,2-3H2/b4-1-/t5-/m0/s1",S(1268),"InChI=1S/C5H7O/c1-4-2-3-5(4)6/h1,5-6H,2-3H2",OC1CCC1=[CH]
S(1268)er0,2,0,"AMChI=1/C5H7O/c1-4-2-3-5(4)6/h1,5-6H,2-3H2/b4-1+/t5-/m0/s1",S(1268),"InChI=1S/C5H7O/c1-4-2-3-5(4)6/h1,5-6H,2-3H2",OC1CCC1=[CH]
S(1268)zr1,2,0,"AMChI=1/C5H7O/c1-4-2-3-5(4)6/h1,5-6H,2-3H2/b4-1-/t5-/m1/s1",S(1268),"InChI=1S/C5H7O/c1-4-2-3-5(4)6/h1,5-6H,2-3H2",OC1CCC1=[CH]
S(1268)er1,2,0,"AMChI=1/C5H7O/c1-4-2-3-5(4)6/h1,5-6H,2-3H2/b4-1+/t5-/m1/s1",S(1268),"InChI=1S/C5H7O/c1-4-2-3-5(4)6/h1,5-6H,2-3H2",OC1CCC1=[CH]
S(1264),2,0,"AMChI=1/C5H7O/c1-4-5(2)3-6/h3H,1-2,4H2",S(1264),"InChI=1S/C5H7O/c1-3-5(2)4-6/h4H,1-3H2",O=CC(C[CH2])=C
S(1807)r0,2,0,"AMChI=1/C5H7O3/c6-1-3-4-5-2-7-8-5/h1-2,5H,3-4H2/t5-/m0/s1",S(1807),"InChI=1S/C5H7O3/c6-3-1-2-5-4-7-8-5/h3-5H,1-2H2",O=CCCC1OO[CH]1
S(1807)r1,2,0,"AMChI=1/C5H7O3/c6-1-3-4-5-2-7-8-5/h1-2,5H,3-4H2/t5-/m1/s1",S(1807),"InChI=1S/C5H7O3/c6-3-1-2-5-4-7-8-5/h3-5H,1-2H2",O=CCCC1OO[CH]1
S(805)r0,2,0,"AMChI=1/C5H7O3/c1-5-3-2-4(6)7-8-5/h2,5H,3H2,1H3/t5-/m0/s1",S(805),"InChI=1S/C5H7O3/c1-4-2-3-5(6)8-7-4/h3-4H,2H2,1H3",O=C1OOC(C[CH]1)C
S(805)r1,2,0,"AMChI=1/C5H7O3/c1-5-3-2-4(6)7-8-5/h2,5H,3H2,1H3/t5-/m1/s1",S(805),"InChI=1S/C5H7O3/c1-4-2-3-5(6)8-7-4/h3-4H,2H2,1H3",O=C1OOC(C[CH]1)C
C5H6O(361),1,0,"AMChI=1/C5H6O/c1-3-5-4-2-6/h3-4H,1,5H2",C5H6O(361),"InChI=1S/C5H6O/c1-2-3-4-5-6/h2,4H,1,3H2",O=C=CCC=C
C5H8O(440)z,1,0,"AMChI=1/C5H8O/c1-2-3-5-4-6/h2-4H,5H2,1H3/b3-2-",C5H8O(440),"InChI=1S/C5H8O/c1-2-3-4-5-6/h2-3,5H,4H2,1H3",O=CCC=CC
C5H8O(440)e,1,0,"AMChI=1/C5H8O/c1-2-3-5-4-6/h2-4H,5H2,1H3/b3-2+",C5H8O(440),"InChI=1S/C5H8O/c1-2-3-4-5-6/h2-3,5H,4H2,1H3",O=CCC=CC
C5H6O(72),1,0,AMChI=1/C5H6O/c1-4-3-5(2)6-4/h1-3H2,C5H6O(72),InChI=1S/C5H6O/c1-4-3-5(2)6-4/h1-3H2,C=C1OC(C1)=C
C5H8O(129)rs,1,0,"AMChI=1/C5H8O/c1-2-4-5(6-4)3-1/h4-5H,1-3H2/t4-,5+",C5H8O(129),"InChI=1S/C5H8O/c1-2-4-5(3-1)6-4/h4-5H,1-3H2",O1C2C1CCC2
S(531)z,2,0,"AMChI=1/C5H7O3/c6-7-1-5-3-2-4-8-5/h1H,2-4H2/b5-1-",S(531),"InChI=1S/C5H7O3/c6-8-4-5-2-1-3-7-5/h4H,1-3H2",[O]OC=C1OCCC1
S(531)e,2,0,"AMChI=1/C5H7O3/c6-7-1-5-3-2-4-8-5/h1H,2-4H2/b5-1+",S(531),"InChI=1S/C5H7O3/c6-8-4-5-2-1-3-7-5/h4H,1-3H2",[O]OC=C1OCCC1
C5H6O(139),1,0,"AMChI=1/C5H6O/c1-5-3-2-4-6-5/h2-4H,1H3",C5H6O(139),"InChI=1S/C5H6O/c1-5-3-2-4-6-5/h2-4H,1H3",CC=1OC=CC=1
S(1148)r0,2,0,"AMChI=1/C5H7O3/c1-4-3-5(7-8-5)2-6-4/h2,4H,3H2,1H3/t4-/m0/s1",S(1148),"InChI=1S/C5H7O3/c1-4-2-5(3-6-4)7-8-5/h3-4H,2H2,1H3",CC1O[CH]C2(OO2)C1
S(1148)r1,2,0,"AMChI=1/C5H7O3/c1-4-3-5(7-8-5)2-6-4/h2,4H,3H2,1H3/t4-/m1/s1",S(1148),"InChI=1S/C5H7O3/c1-4-2-5(3-6-4)7-8-5/h3-4H,2H2,1H3",CC1O[CH]C2(OO2)C1
S(1846)rs0,1,0,"AMChI=1/C5H6O2/c6-1-5-3-2-4(5)7-5/h1,4H,2-3H2/t4-,5+/m0/s1",S(1846),"InChI=1S/C5H6O2/c6-3-5-2-1-4(5)7-5/h3-4H,1-2H2",O=CC12OC1CC2
S(1846)rs1,1,0,"AMChI=1/C5H6O2/c6-1-5-3-2-4(5)7-5/h1,4H,2-3H2/t4-,5+/m1/s1",S(1846),"InChI=1S/C5H6O2/c6-3-5-2-1-4(5)7-5/h3-4H,1-2H2",O=CC12OC1CC2
S(470)r0,2,0,"AMChI=1/C5H7O3/c1-2-4-5(3-6)8-7/h3,5,7H,1,4H2/t5-/m0/s1",S(470),"InChI=1S/C5H7O3/c1-2-3-5(4-6)8-7/h4-5,7H,1,3H2",OOC(C[C]=C)C=O
S(470)r1,2,0,"AMChI=1/C5H7O3/c1-2-4-5(3-6)8-7/h3,5,7H,1,4H2/t5-/m1/s1",S(470),"InChI=1S/C5H7O3/c1-2-3-5(4-6)8-7/h4-5,7H,1,3H2",OOC(C[C]=C)C=O
S(1460),2,0,"AMChI=1/C3H5O/c4-3-1-2-3/h3H,1-2H2",S(1460),"InChI=1S/C3H5O/c4-3-1-2-3/h3H,1-2H2",[O]C1CC1
C5H7O(404),2,0,"AMChI=1/C5H7O/c6-1-2-5-3-4-5/h1H,2-4H2",C5H7O(404),"InChI=1S/C5H7O/c6-4-3-5-1-2-5/h4H,1-3H2",O=CC[C]1CC1
C5H7O(435)rr0,2,0,"AMChI=1/C5H7O/c1-2-4-3-5(4)6/h2,4-5H,1,3H2/t4-,5-/m0/s1",C5H7O(435),"InChI=1S/C5H7O/c1-2-4-3-5(4)6/h2,4-5H,1,3H2",[O]C1C(C1)C=C
C5H7O(435)rs0,2,0,"AMChI=1/C5H7O/c1-2-4-3-5(4)6/h2,4-5H,1,3H2/t4-,5+/m0/s1",C5H7O(435),"InChI=1S/C5H7O/c1-2-4-3-5(4)6/h2,4-5H,1,3H2",[O]C1C(C1)C=C
C5H7O(435)rs1,2,0,"AMChI=1/C5H7O/c1-2-4-3-5(4)6/h2,4-5H,1,3H2/t4-,5+/m1/s1",C5H7O(435),"InChI=1S/C5H7O/c1-2-4-3-5(4)6/h2,4-5H,1,3H2",[O]C1C(C1)C=C
C5H7O(435)rr1,2,0,"AMChI=1/C5H7O/c1-2-4-3-5(4)6/h2,4-5H,1,3H2/t4-,5-/m1/s1",C5H7O(435),"InChI=1S/C5H7O/c1-2-4-3-5(4)6/h2,4-5H,1,3H2",[O]C1C(C1)C=C
C5H7O(405),2,0,"AMChI=1/C5H7O/c6-1-2-5-3-4-5/h5H,2-4H2",C5H7O(405),"InChI=1S/C5H7O/c6-4-3-5-1-2-5/h5H,1-3H2",O=[C]CC1CC1
C5H7O(348)z,2,0,"AMChI=1/C5H7O/c1-5-2-3-4-6/h3-4H,5H2,1H3/b3-2-",C5H7O(348),"InChI=1S/C5H7O/c1-2-3-4-5-6/h4-5H,2H2,1H3",O=CC=[C]CC
C5H7O(348)e,2,0,"AMChI=1/C5H7O/c1-5-2-3-4-6/h3-4H,5H2,1H3/b3-2+",C5H7O(348),"InChI=1S/C5H7O/c1-2-3-4-5-6/h4-5H,2H2,1H3",O=CC=[C]CC
C5H8O(428)z,1,0,"AMChI=1/C5H8O/c1-2-5-3-4-6/h2-4,6H,1,5H2/b4-3-",C5H8O(428),"InChI=1S/C5H8O/c1-2-3-4-5-6/h2,4-6H,1,3H2",OC=CCC=C
C5H8O(428)e,1,0,"AMChI=1/C5H8O/c1-2-5-3-4-6/h2-4,6H,1,5H2/b4-3+",C5H8O(428),"InChI=1S/C5H8O/c1-2-3-4-5-6/h2,4-6H,1,3H2",OC=CCC=C
C5H7O(605),2,0,"AMChI=1/C5H7O/c1-2-6-5-4-3-1/h2H,3-5H2",C5H7O(605),"InChI=1S/C5H7O/c1-2-4-6-5-3-1/h5H,1-2,4H2",O1CCC[C]=C1
C5H7O(189)r0,2,0,"AMChI=1/C5H7O/c1-2-6-4-3-5(1)4/h5H,1-3H2/t5-/m0/s1",C5H7O(189),"InChI=1S/C5H7O/c1-2-6-5-3-4(1)5/h4H,1-3H2",O1CCC2C[C]12
C5H7O(189)r1,2,0,"AMChI=1/C5H7O/c1-2-6-4-3-5(1)4/h5H,1-3H2/t5-/m1/s1",C5H7O(189),"InChI=1S/C5H7O/c1-2-6-5-3-4(1)5/h4H,1-3H2",O1CCC2C[C]12
S(750),1,0,"AMChI=1/C5H6O2/c1-2-5-3-4(7-5)6-5/h2,4H,1,3H2",S(750),"InChI=1S/C5H6O2/c1-2-5-3-4(6-5)7-5/h2,4H,1,3H2",C=CC12OC(O2)C1
C5H7O(127)rs,2,0,"AMChI=1/C5H7O/c1-2-4-5(6-4)3-1/h1,4-5H,2-3H2/t4-,5+",C5H7O(127),"InChI=1S/C5H7O/c1-2-4-5(3-1)6-4/h1,4-5H,2-3H2",O1C2C1C[CH]C2
C5H7O(397)r0,2,0,"AMChI=1/C5H7O/c1-4(6-1)5-2-3-5/h1,4-5H,2-3H2/t4-/m0/s1",C5H7O(397),"InChI=1S/C5H7O/c1-2-4(1)5-3-6-5/h3-5H,1-2H2",O1C(C2CC2)[CH]1
C5H7O(397)r1,2,0,"AMChI=1/C5H7O/c1-4(6-1)5-2-3-5/h1,4-5H,2-3H2/t4-/m1/s1",C5H7O(397),"InChI=1S/C5H7O/c1-2-4(1)5-3-6-5/h3-5H,1-2H2",O1C(C2CC2)[CH]1
C5H6O(680),1,0,AMChI=1/C5H6O/c1-4-2-3-5(4)6/h1-3H2,C5H6O(680),InChI=1S/C5H6O/c1-4-2-3-5(4)6/h1-3H2,O=C1CCC1=C
S(2028),2,0,"AMChI=1/C2H3O2/c1-2-4-3/h2H,1H2",S(2028),"InChI=1S/C2H3O2/c1-2-4-3/h2H,1H2",[O]OC=C
S(182)r0,2,0,"AMChI=1/C5H7O3/c1-4-2-6-7-3-5(1)8-4/h5H,1-3H2/t5-/m0/s1",S(182),"InChI=1S/C5H7O3/c1-4-2-6-7-3-5(1)8-4/h4H,1-3H2",O1C2C[C]1COOC2
S(182)r1,2,0,"AMChI=1/C5H7O3/c1-4-2-6-7-3-5(1)8-4/h5H,1-3H2/t5-/m1/s1",S(182),"InChI=1S/C5H7O3/c1-4-2-6-7-3-5(1)8-4/h4H,1-3H2",O1C2C[C]1COOC2
S(1086)r0,2,0,"AMChI=1/C5H7O3/c6-8-5-4-2-1-3-7-5/h1-3,5-6H,4H2/t5-/m0/s1",S(1086),"InChI=1S/C5H7O3/c6-8-5-3-1-2-4-7-5/h1-2,4-6H,3H2",OOC1O[CH]C=CC1
S(1086)r1,2,0,"AMChI=1/C5H7O3/c6-8-5-4-2-1-3-7-5/h1-3,5-6H,4H2/t5-/m1/s1",S(1086),"InChI=1S/C5H7O3/c6-8-5-3-1-2-4-7-5/h1-2,4-6H,3H2",OOC1O[CH]C=CC1
S(1082)rs0,2,0,"AMChI=1/C5H7O3/c1-2-3-5-6-4(1)7-8-5/h1,4-5H,2-3H2/t4-,5+/m0/s1",S(1082),"InChI=1S/C5H7O3/c1-2-4-6-5(3-1)8-7-4/h2,4-5H,1,3H2",O1C2OOC1[CH]CC2
S(1082)rs1,2,0,"AMChI=1/C5H7O3/c1-2-3-5-6-4(1)7-8-5/h1,4-5H,2-3H2/t4-,5+/m1/s1",S(1082),"InChI=1S/C5H7O3/c1-2-4-6-5(3-1)8-7-4/h2,4-5H,1,3H2",O1C2OOC1[CH]CC2
C5H8O(494),1,0,"AMChI=1/C5H8O/c1-3-4-5(2)6/h3H,1,4H2,2H3",C5H8O(494),"InChI=1S/C5H8O/c1-3-4-5(2)6/h3H,1,4H2,2H3",O=C(CC=C)C
S(817)rsr,1,0,"AMChI=1/C5H8O2/c6-5-3-1-2-4(5)7-3/h3-6H,1-2H2/t3-,4+,5-",S(817),"InChI=1S/C5H8O2/c6-5-3-1-2-4(5)7-3/h3-6H,1-2H2",OC1C2OC1CC2
S(817)rss,1,0,"AMChI=1/C5H8O2/c6-5-3-1-2-4(5)7-3/h3-6H,1-2H2/t3-,4+,5+",S(817),"InChI=1S/C5H8O2/c6-5-3-1-2-4(5)7-3/h3-6H,1-2H2",OC1C2OC1CC2
C5H6O(171),1,0,AMChI=1/C5H6O/c6-5-3-1-2-4-5/h1-6H,C5H6O(171),InChI=1S/C5H6O/c6-5-3-1-2-4-5/h1-6H,OC1C=CC=C1
C5H8O(410),1,0,"AMChI=1/C5H8O/c6-1-2-5-3-4-5/h1,5H,2-4H2",C5H8O(410),"InChI=1S/C5H8O/c6-4-3-5-1-2-5/h4-5H,1-3H2",O=CCC1CC1
S(770),2,0,"AMChI=1/C5H7O3/c1-5(8-7)4-3-2-6/h7H,1,3-4H2",S(770),"InChI=1S/C5H7O3/c1-5(8-7)3-2-4-6/h7H,1-3H2",OOC(CC[C]=O)=C
C5H6(170),1,0,"AMChI=1/C5H6/c1-2-4-5-3-1/h1-4H,5H2",C5H6(170),"InChI=1S/C5H6/c1-2-4-5-3-1/h1-4H,5H2",C1C=CC=C1
OO(290),1,0,AMChI=1/H2O2/c1-2/h1-2H,OO(290),InChI=1S/H2O2/c1-2/h1-2H,OO
S(388)r0,2,0,"AMChI=1/C5H7O3/c6-2-5-1-3-4-7-8-5/h1-2,5H,3-4H2/t5-/m0/s1",S(388),"InChI=1S/C5H7O3/c6-4-5-2-1-3-7-8-5/h2,4-5H,1,3H2",O=CC1OOCC[CH]1
S(388)r1,2,0,"AMChI=1/C5H7O3/c6-2-5-1-3-4-7-8-5/h1-2,5H,3-4H2/t5-/m1/s1",S(388),"InChI=1S/C5H7O3/c6-4-5-2-1-3-7-8-5/h2,4-5H,1,3H2",O=CC1OOCC[CH]1
S(1285)rrs0,2,0,"AMChI=1/C5H7O3/c6-8-3-1-4-5(7-4)2-3/h1,3-6H,2H2/t3-,4-,5+/m0/s1",S(1285),"InChI=1S/C5H7O3/c6-8-3-1-4-5(2-3)7-4/h1,3-6H,2H2",OOC1CC2OC2[CH]1
S(1285)rsr0,2,0,"AMChI=1/C5H7O3/c6-8-3-1-4-5(7-4)2-3/h1,3-6H,2H2/t3-,4+,5-/m0/s1",S(1285),"InChI=1S/C5H7O3/c6-8-3-1-4-5(2-3)7-4/h1,3-6H,2H2",OOC1CC2OC2[CH]1
S(1285)rss1,2,0,"AMChI=1/C5H7O3/c6-8-3-1-4-5(7-4)2-3/h1,3-6H,2H2/t3-,4+,5+/m1/s1",S(1285),"InChI=1S/C5H7O3/c6-8-3-1-4-5(2-3)7-4/h1,3-6H,2H2",OOC1CC2OC2[CH]1
S(1285)rsr1,2,0,"AMChI=1/C5H7O3/c6-8-3-1-4-5(7-4)2-3/h1,3-6H,2H2/t3-,4+,5-/m1/s1",S(1285),"InChI=1S/C5H7O3/c6-8-3-1-4-5(2-3)7-4/h1,3-6H,2H2",OOC1CC2OC2[CH]1
S(1285)rrs1,2,0,"AMChI=1/C5H7O3/c6-8-3-1-4-5(7-4)2-3/h1,3-6H,2H2/t3-,4-,5+/m1/s1",S(1285),"InChI=1S/C5H7O3/c6-8-3-1-4-5(2-3)7-4/h1,3-6H,2H2",OOC1CC2OC2[CH]1
C5H8O(484),1,0,"AMChI=1/C5H8O/c1-4-6-5(2)3/h4H,1-2H2,3H3",C5H8O(484),"InChI=1S/C5H8O/c1-4-6-5(2)3/h4H,1-2H2,3H3",CC(OC=C)=C
S(1919)rrrs0,1,0,"AMChI=1/C5H6O2/c1-2-4-5(7-2)3(1)6-4/h2-5H,1H2/t2-,3-,4-,5+/m0/s1",S(1919),"InChI=1S/C5H6O2/c1-2-4-5(6-2)3(1)7-4/h2-5H,1H2",O1C2C3OC2CC13
S(1919)rrss0,1,0,"AMChI=1/C5H6O2/c1-2-4-5(7-2)3(1)6-4/h2-5H,1H2/t2-,3-,4+,5+/m0/s1",S(1919),"InChI=1S/C5H6O2/c1-2-4-5(6-2)3(1)7-4/h2-5H,1H2",O1C2C3OC2CC13
S(1919)rsrs,1,0,"AMChI=1/C5H6O2/c1-2-4-5(7-2)3(1)6-4/h2-5H,1H2/t2-,3+,4-,5+",S(1919),"InChI=1S/C5H6O2/c1-2-4-5(6-2)3(1)7-4/h2-5H,1H2",O1C2C3OC2CC13
S(1919)rsrr1,1,0,"AMChI=1/C5H6O2/c1-2-4-5(6-2)3(1)7-4/h2-5H,1H2/t2-,3+,4-,5-/m1/s1",S(1919),"InChI=1S/C5H6O2/c1-2-4-5(6-2)3(1)7-4/h2-5H,1H2",O1C2C3OC2CC13
S(1919)rrrs1,1,0,"AMChI=1/C5H6O2/c1-2-4-5(7-2)3(1)6-4/h2-5H,1H2/t2-,3-,4-,5+/m1/s1",S(1919),"InChI=1S/C5H6O2/c1-2-4-5(6-2)3(1)7-4/h2-5H,1H2",O1C2C3OC2CC13
S(1919)rrrr1,1,0,"AMChI=1/C5H6O2/c1-2-4-5(7-2)3(1)6-4/h2-5H,1H2/t2-,3-,4-,5-/m1/s1",S(1919),"InChI=1S/C5H6O2/c1-2-4-5(6-2)3(1)7-4/h2-5H,1H2",O1C2C3OC2CC13
S(393)zzz,2,0,"AMChI=1/C5H7O3/c6-4-2-1-3-5-8-7/h1-4,7H,5H2/b2-1-,3-1-,4-2-",S(393),"InChI=1S/C5H7O3/c6-4-2-1-3-5-8-7/h1-4,7H,5H2",OOC[CH]C=CC=O
S(393)zze,2,0,"AMChI=1/C5H7O3/c6-4-2-1-3-5-8-7/h1-4,7H,5H2/b2-1-,3-1-,4-2+",S(393),"InChI=1S/C5H7O3/c6-4-2-1-3-5-8-7/h1-4,7H,5H2",OOC[CH]C=CC=O
S(393)zez,2,0,"AMChI=1/C5H7O3/c6-4-2-1-3-5-8-7/h1-4,7H,5H2/b2-1-,3-1+,4-2-",S(393),"InChI=1S/C5H7O3/c6-4-2-1-3-5-8-7/h1-4,7H,5H2",OOC[CH]C=CC=O
S(393)zee,2,0,"AMChI=1/C5H7O3/c6-4-2-1-3-5-8-7/h1-4,7H,5H2/b2-1-,3-1+,4-2+",S(393),"InChI=1S/C5H7O3/c6-4-2-1-3-5-8-7/h1-4,7H,5H2",OOC[CH]C=CC=O
S(393)ezz,2,0,"AMChI=1/C5H7O3/c6-4-2-1-3-5-8-7/h1-4,7H,5H2/b2-1+,3-1-,4-2-",S(393),"InChI=1S/C5H7O3/c6-4-2-1-3-5-8-7/h1-4,7H,5H2",OOC[CH]C=CC=O
S(393)eze,2,0,"AMChI=1/C5H7O3/c6-4-2-1-3-5-8-7/h1-4,7H,5H2/b2-1+,3-1-,4-2+",S(393),"InChI=1S/C5H7O3/c6-4-2-1-3-5-8-7/h1-4,7H,5H2",OOC[CH]C=CC=O
S(393)eez,2,0,"AMChI=1/C5H7O3/c6-4-2-1-3-5-8-7/h1-4,7H,5H2/b2-1+,3-1+,4-2-",S(393),"InChI=1S/C5H7O3/c6-4-2-1-3-5-8-7/h1-4,7H,5H2",OOC[CH]C=CC=O
S(393)eee,2,0,"AMChI=1/C5H7O3/c6-4-2-1-3-5-8-7/h1-4,7H,5H2/b2-1+,3-1+,4-2+",S(393),"InChI=1S/C5H7O3/c6-4-2-1-3-5-8-7/h1-4,7H,5H2",OOC[CH]C=CC=O
C5H7O(529),2,0,"AMChI=1/C5H7O/c1-2-3-4-5-6/h1H,3-5H2",C5H7O(529),"InChI=1S/C5H7O/c1-2-3-4-5-6/h1H,3-5H2",[O]CCCC#C
S(1292),2,0,"AMChI=1/C5H7O/c6-1-5-3-2-4-5/h5H,2-4H2",S(1292),"InChI=1S/C5H7O/c6-4-5-2-1-3-5/h5H,1-3H2",O=[C]C1CCC1
S(1817)r0,2,0,"AMChI=1/C5H7O/c1-4-3-6-5(2)4/h5H,1-3H2/t5-/m0/s1",S(1817),"InChI=1S/C5H7O/c1-4-3-6-5(4)2/h5H,1-3H2",[CH2]C1OCC1=C
S(1817)r1,2,0,"AMChI=1/C5H7O/c1-4-3-6-5(2)4/h5H,1-3H2/t5-/m1/s1",S(1817),"InChI=1S/C5H7O/c1-4-3-6-5(4)2/h5H,1-3H2",[CH2]C1OCC1=C
S(2109)r0,2,0,"AMChI=1/C5H7O/c1-4-3-5(4)2-6/h2,5-6H,1,3H2/t5-/m0/s1",S(2109),"InChI=1S/C5H7O/c1-4-2-5(4)3-6/h3,5-6H,1-2H2",O[CH]C1CC1=C
S(2109)r1,2,0,"AMChI=1/C5H7O/c1-4-3-5(4)2-6/h2,5-6H,1,3H2/t5-/m1/s1",S(2109),"InChI=1S/C5H7O/c1-4-2-5(4)3-6/h3,5-6H,1-2H2",O[CH]C1CC1=C
C5H8O(409)z,1,0,"AMChI=1/C5H8O/c6-2-1-5-3-4-5/h1-2,5-6H,3-4H2/b2-1-",C5H8O(409),"InChI=1S/C5H8O/c6-4-3-5-1-2-5/h3-6H,1-2H2",OC=CC1CC1
C5H8O(409)e,1,0,"AMChI=1/C5H8O/c6-2-1-5-3-4-5/h1-2,5-6H,3-4H2/b2-1+",C5H8O(409),"InChI=1S/C5H8O/c6-4-3-5-1-2-5/h3-6H,1-2H2",OC=CC1CC1
S(228)rs1,2,0,"AMChI=1/C5H7O3/c1-4-5(6-1)2-3-7-8-4/h1,4-5H,2-3H2/t4-,5+/m1/s1",S(228),"InChI=1S/C5H7O3/c1-2-7-8-5-3-6-4(1)5/h3-5H,1-2H2",O1C2C(OOCC2)[CH]1
S(228)rs0,2,0,"AMChI=1/C5H7O3/c1-4-5(6-1)2-3-7-8-4/h1,4-5H,2-3H2/t4-,5+/m0/s1",S(228),"InChI=1S/C5H7O3/c1-2-7-8-5-3-6-4(1)5/h3-5H,1-2H2",O1C2C(OOCC2)[CH]1
S(938)rrs0,2,0,"AMChI=1/C5H7O3/c6-8-4-2-1-3-5(4)7-3/h1,3-6H,2H2/t3-,4-,5+/m0/s1",S(938),"InChI=1S/C5H7O3/c6-8-4-2-1-3-5(4)7-3/h1,3-6H,2H2",OOC1C2OC2[CH]C1
S(938)rss0,2,0,"AMChI=1/C5H7O3/c6-8-4-2-1-3-5(4)7-3/h1,3-6H,2H2/t3-,4+,5+/m0/s1",S(938),"InChI=1S/C5H7O3/c6-8-4-2-1-3-5(4)7-3/h1,3-6H,2H2",OOC1C2OC2[CH]C1
S(938)rss1,2,0,"AMChI=1/C5H7O3/c6-8-4-2-1-3-5(4)7-3/h1,3-6H,2H2/t3-,4+,5+/m1/s1",S(938),"InChI=1S/C5H7O3/c6-8-4-2-1-3-5(4)7-3/h1,3-6H,2H2",OOC1C2OC2[CH]C1
S(938)rrs1,2,0,"AMChI=1/C5H7O3/c6-8-4-2-1-3-5(4)7-3/h1,3-6H,2H2/t3-,4-,5+/m1/s1",S(938),"InChI=1S/C5H7O3/c6-8-4-2-1-3-5(4)7-3/h1,3-6H,2H2",OOC1C2OC2[CH]C1
S(395),2,0,"AMChI=1/C5H7O3/c6-3-1-2-4-5-8-7/h2-3,7H,4-5H2",S(395),"InChI=1S/C5H7O3/c6-4-2-1-3-5-8-7/h1,4,7H,3,5H2",OOCCC=[C]C=O
C5H6O(603),1,0,"AMChI=1/C5H6O/c1-3-6-4-2-5-1/h1-4H,5H2",C5H6O(603),"InChI=1S/C5H6O/c1-2-4-6-5-3-1/h2-5H,1H2",O1C=CCC=C1
C5H7O(456)zz,2,0,"AMChI=1/C5H7O/c1-3-6-5-4-2/h1,3-5H,2H3/b3-1-,5-4-",C5H7O(456),"InChI=1S/C5H7O/c1-3-5-6-4-2/h2-5H,1H3",CC=COC=[CH]
C5H7O(456)ze,2,0,"AMChI=1/C5H7O/c1-3-6-5-4-2/h1,3-5H,2H3/b3-1-,5-4+",C5H7O(456),"InChI=1S/C5H7O/c1-3-5-6-4-2/h2-5H,1H3",CC=COC=[CH]
C5H7O(456)ez,2,0,"AMChI=1/C5H7O/c1-3-6-5-4-2/h1,3-5H,2H3/b3-1+,5-4-",C5H7O(456),"InChI=1S/C5H7O/c1-3-5-6-4-2/h2-5H,1H3",CC=COC=[CH]
C5H7O(456)ee,2,0,"AMChI=1/C5H7O/c1-3-6-5-4-2/h1,3-5H,2H3/b3-1+,5-4+",C5H7O(456),"InChI=1S/C5H7O/c1-3-5-6-4-2/h2-5H,1H3",CC=COC=[CH]
S(2145),1,0,"AMChI=1/C5H8O/c1-5(3-6)4-2/h3H,1,4H2,2H3",S(2145),"InChI=1S/C5H8O/c1-3-5(2)4-6/h4H,2-3H2,1H3",O=CC(CC)=C
S(2144),2,0,"AMChI=1/C5H7O3/c1-5(2-6)3-4-8-7/h2H,1,3-4H2",S(2144),"InChI=1S/C5H7O3/c1-5(4-6)2-3-8-7/h4H,1-3H2",O=CC(CCO[O])=C
S(2140),2,0,"AMChI=1/C5H7O/c1-5(2-6)3-4-5/h2H,1,3-4H2",S(2140),"InChI=1S/C5H7O/c1-5(4-6)2-3-5/h4H,1-3H2",O=CC1(CC1)[CH2]
S(2245),2,0,"AMChI=1/C5H7O3/c6-1-2-5(8-7)3-4-5/h1H,2-4H2",S(2245),"InChI=1S/C5H7O3/c6-4-3-5(8-7)1-2-5/h4H,1-3H2",O=CCC1(O[O])CC1
S(2257),2,0,"AMChI=1/C5H7O3/c6-4(8-7)3-5-1-2-5/h5H,1-3H2",S(2257),"InChI=1S/C5H7O3/c6-5(8-7)3-4-1-2-4/h4H,1-3H2",O=C(O[O])CC1CC1
S(569)r0,1,0,"AMChI=1/C5H6O2/c6-4-1-2-5(7)3-4/h1-2,5,7H,3H2/t5-/m0/s1",S(569),"InChI=1S/C5H6O2/c6-4-1-2-5(7)3-4/h1-2,4,6H,3H2",OC1CC(=O)C=C1
S(569)r1,1,0,"AMChI=1/C5H6O2/c6-4-1-2-5(7)3-4/h1-2,5,7H,3H2/t5-/m1/s1",S(569),"InChI=1S/C5H6O2/c6-4-1-2-5(7)3-4/h1-2,4,6H,3H2",OC1CC(=O)C=C1
S(157)r0,1,0,"AMChI=1/C5H8O3/c6-8-4-5-3-1-2-7-5/h1-2,5-6H,3-4H2/t5-/m0/s1",S(157),"InChI=1S/C5H8O3/c6-8-4-5-2-1-3-7-5/h1,3,5-6H,2,4H2",OOCC1OC=CC1
S(157)r1,1,0,"AMChI=1/C5H8O3/c6-8-4-5-3-1-2-7-5/h1-2,5-6H,3-4H2/t5-/m1/s1",S(157),"InChI=1S/C5H8O3/c6-8-4-5-2-1-3-7-5/h1,3,5-6H,2,4H2",OOCC1OC=CC1
C5H8O(115),1,0,"AMChI=1/C5H8O/c6-5-1-2-3-4-5/h1,6H,2-4H2",C5H8O(115),"InChI=1S/C5H8O/c6-5-3-1-2-4-5/h3,6H,1-2,4H2",OC=1CCCC=1
S(684)r0,2,0,"AMChI=1/C5H7O3/c6-4-1-2-5(4)3-8-7/h5H,1-3H2/t5-/m0/s1",S(684),"InChI=1S/C5H7O3/c6-5-2-1-4(5)3-8-7/h4H,1-3H2",O=C1C(CC1)CO[O]
S(684)r1,2,0,"AMChI=1/C5H7O3/c6-4-1-2-5(4)3-8-7/h5H,1-3H2/t5-/m1/s1",S(684),"InChI=1S/C5H7O3/c6-5-2-1-4(5)3-8-7/h4H,1-3H2",O=C1C(CC1)CO[O]
C5H7O(455)z,2,0,"AMChI=1/C5H7O/c1-3-6-5-4-2/h4-5H,1H2,2H3/b5-4-",C5H7O(455),"InChI=1S/C5H7O/c1-3-5-6-4-2/h3,5H,2H2,1H3",CC=CO[C]=C
C5H7O(455)e,2,0,"AMChI=1/C5H7O/c1-3-6-5-4-2/h4-5H,1H2,2H3/b5-4+",C5H7O(455),"InChI=1S/C5H7O/c1-3-5-6-4-2/h3,5H,2H2,1H3",CC=CO[C]=C
C5H7O(548)r0,2,0,"AMChI=1/C5H7O/c1-3-4-5(2)6/h1,5H,4H2,2H3/t5-/m0/s1",C5H7O(548),"InChI=1S/C5H7O/c1-3-4-5(2)6/h1,5H,4H2,2H3",[O]C(CC#C)C
C5H7O(548)r1,2,0,"AMChI=1/C5H7O/c1-3-4-5(2)6/h1,5H,4H2,2H3/t5-/m1/s1",C5H7O(548),"InChI=1S/C5H7O/c1-3-4-5(2)6/h1,5H,4H2,2H3",[O]C(CC#C)C
C3H3(954),2,0,"AMChI=1/C3H3/c1-3-2/h1H,2H2",C3H3(954),"InChI=1S/C3H3/c1-3-2/h1H,2H2",[CH2]C#C
C2H4O(945),1,0,"AMChI=1/C2H4O/c1-2-3/h2H,1H3",C2H4O(945),"InChI=1S/C2H4O/c1-2-3/h2H,1H3",O=CC
C5H7O3(85)rrr0,2,0,"AMChI=1/C5H7O3/c6-8-4-1-3-2-5(4)7-3/h1,3-6H,2H2/t3-,4-,5-/m0/s1",C5H7O3(85),"InChI=1S/C5H7O3/c6-8-5-2-3-1-4(5)7-3/h2-6H,1H2",OOC1C2OC(C2)[CH]1
C5H7O3(85)rsr0,2,0,"AMChI=1/C5H7O3/c6-8-4-1-3-2-5(4)7-3/h1,3-6H,2H2/t3-,4+,5-/m0/s1",C5H7O3(85),"InChI=1S/C5H7O3/c6-8-5-2-3-1-4(5)7-3/h2-6H,1H2",OOC1C2OC(C2)[CH]1
C5H7O3(85)rss0,2,0,"AMChI=1/C5H7O3/c6-8-4-1-3-2-5(4)7-3/h1,3-6H,2H2/t3-,4+,5+/m0/s1",C5H7O3(85),"InChI=1S/C5H7O3/c6-8-5-2-3-1-4(5)7-3/h2-6H,1H2",OOC1C2OC(C2)[CH]1
C5H7O3(85)rrs1,2,0,"AMChI=1/C5H7O3/c6-8-4-1-3-2-5(4)7-3/h1,3-6H,2H2/t3-,4-,5+/m1/s1",C5H7O3(85),"InChI=1S/C5H7O3/c6-8-5-2-3-1-4(5)7-3/h2-6H,1H2",OOC1C2OC(C2)[CH]1
C5H7O3(85)rsr1,2,0,"AMChI=1/C5H7O3/c6-8-4-1-3-2-5(4)7-3/h1,3-6H,2H2/t3-,4+,5-/m1/s1",C5H7O3(85),"InChI=1S/C5H7O3/c6-8-5-2-3-1-4(5)7-3/h2-6H,1H2",OOC1C2OC(C2)[CH]1
C5H7O3(85)rrr1,2,0,"AMChI=1/C5H7O3/c6-8-4-1-3-2-5(4)7-3/h1,3-6H,2H2/t3-,4-,5-/m1/s1",C5H7O3(85),"InChI=1S/C5H7O3/c6-8-5-2-3-1-4(5)7-3/h2-6H,1H2",OOC1C2OC(C2)[CH]1
S(2636)zr0,2,0,"AMChI=1/C5H7O3/c6-8-2-1-5-4-3-7-5/h1-3,5-6H,4H2/b2-1-/t5-/m0/s1",S(2636),"InChI=1S/C5H7O3/c6-8-4-2-5-1-3-7-5/h2-6H,1H2",OOC=CC1O[CH]C1
S(2636)er0,2,0,"AMChI=1/C5H7O3/c6-8-2-1-5-4-3-7-5/h1-3,5-6H,4H2/b2-1+/t5-/m0/s1",S(2636),"InChI=1S/C5H7O3/c6-8-4-2-5-1-3-7-5/h2-6H,1H2",OOC=CC1O[CH]C1
S(2636)zr1,2,0,"AMChI=1/C5H7O3/c6-8-2-1-5-4-3-7-5/h1-3,5-6H,4H2/b2-1-/t5-/m1/s1",S(2636),"InChI=1S/C5H7O3/c6-8-4-2-5-1-3-7-5/h2-6H,1H2",OOC=CC1O[CH]C1
S(2636)er1,2,0,"AMChI=1/C5H7O3/c6-8-2-1-5-4-3-7-5/h1-3,5-6H,4H2/b2-1+/t5-/m1/s1",S(2636),"InChI=1S/C5H7O3/c6-8-4-2-5-1-3-7-5/h2-6H,1H2",OOC=CC1O[CH]C1
S(613)rr0,2,0,"AMChI=1/C5H7O3/c6-5-3-1-2-4(5)8-7/h1-2,4-5,7H,3H2/t4-,5-/m0/s1",S(613),"InChI=1S/C5H7O3/c6-4-2-1-3-5(4)8-7/h1,3-5,7H,2H2",OOC1C([O])CC=C1
S(613)rs1,2,0,"AMChI=1/C5H7O3/c6-5-3-1-2-4(5)8-7/h1-2,4-5,7H,3H2/t4-,5+/m1/s1",S(613),"InChI=1S/C5H7O3/c6-4-2-1-3-5(4)8-7/h1,3-5,7H,2H2",OOC1C([O])CC=C1
S(613)rs0,2,0,"AMChI=1/C5H7O3/c6-5-3-1-2-4(5)8-7/h1-2,4-5,7H,3H2/t4-,5+/m0/s1",S(613),"InChI=1S/C5H7O3/c6-4-2-1-3-5(4)8-7/h1,3-5,7H,2H2",OOC1C([O])CC=C1
S(613)rr1,2,0,"AMChI=1/C5H7O3/c6-5-3-1-2-4(5)8-7/h1-2,4-5,7H,3H2/t4-,5-/m1/s1",S(613),"InChI=1S/C5H7O3/c6-4-2-1-3-5(4)8-7/h1,3-5,7H,2H2",OOC1C([O])CC=C1
C5H7O(377),2,0,"AMChI=1/C5H7O/c1-5-3-2-4-6/h3-4H,5H2,1H3",C5H7O(377),"InChI=1S/C5H7O/c1-2-3-4-5-6/h3,5H,2H2,1H3",[O]C=C=CCC
C5H7O(212)z,2,0,"AMChI=1/C5H7O/c1-4-6-5(2)3/h1,4H,2H2,3H3/b4-1-",C5H7O(212),"InChI=1S/C5H7O/c1-4-6-5(2)3/h1,4H,2H2,3H3",CC(OC=[CH])=C
C5H7O(212)e,2,0,"AMChI=1/C5H7O/c1-4-6-5(2)3/h1,4H,2H2,3H3/b4-1+",C5H7O(212),"InChI=1S/C5H7O/c1-4-6-5(2)3/h1,4H,2H2,3H3",CC(OC=[CH])=C
C5H7O(447)r0,2,0,"AMChI=1/C5H7O/c1-2-6-5-3-4-5/h2-3,5H,1,4H2/t5-/m0/s1",C5H7O(447),"InChI=1S/C5H7O/c1-2-6-5-3-4-5/h2-3,5H,1,4H2",C=COC1C[CH]1
C5H7O(447)r1,2,0,"AMChI=1/C5H7O/c1-2-6-5-3-4-5/h2-3,5H,1,4H2/t5-/m1/s1",C5H7O(447),"InChI=1S/C5H7O/c1-2-6-5-3-4-5/h2-3,5H,1,4H2",C=COC1C[CH]1
S(469)r0,2,0,"AMChI=1/C5H7O3/c1-3-4-5(2-6)8-7/h3,5,7H,1,4H2/t5-/m0/s1",S(469),"InChI=1S/C5H7O3/c1-2-3-5(4-6)8-7/h2,5,7H,1,3H2",OOC(CC=C)[C]=O
S(469)r1,2,0,"AMChI=1/C5H7O3/c1-3-4-5(2-6)8-7/h3,5,7H,1,4H2/t5-/m1/s1",S(469),"InChI=1S/C5H7O3/c1-2-3-5(4-6)8-7/h2,5,7H,1,3H2",OOC(CC=C)[C]=O
